{"v":"5.6.3","fr":30,"ip":0,"op":75,"w":512,"h":512,"nm":"kitten","ddd":0,"assets":[],"layers":[{"ddd":0,"ind":1,"ty":4,"nm":"r hand Outlines","parent":8,"sr":1,"ks":{"o":{"a":0,"k":100,"ix":11},"r":{"a":0,"k":0,"ix":10},"p":{"a":0,"k":[263.289,95.322,0],"ix":2},"a":{"a":0,"k":[20.323,24.08,0],"ix":1},"s":{"a":0,"k":[100,100,100],"ix":6}},"ao":0,"shapes":[{"ty":"gr","it":[{"ind":0,"ty":"sh","ix":1,"ks":{"a":0,"k":{"i":[[1.397,-12.392],[-12.391,-1.399],[-1.398,12.391],[12.391,1.397]],"o":[[-1.398,12.392],[12.392,1.397],[1.398,-12.392],[-12.392,-1.399]],"v":[[-18.51,-2.531],[1.395,22.438],[18.511,1.646],[6.459,-22.436]],"c":true},"ix":2},"nm":"Path 1","mn":"ADBE Vector Shape - Group","hd":false},{"ty":"fl","c":{"a":0,"k":[1,0.670999983245,0.349000010771,1],"ix":4},"o":{"a":0,"k":100,"ix":5},"r":1,"bm":0,"nm":"Fill 1","mn":"ADBE Vector Graphic - Fill","hd":false},{"ty":"tr","p":{"a":0,"k":[20.158,24.085],"ix":2},"a":{"a":0,"k":[0,0],"ix":1},"s":{"a":0,"k":[100,100],"ix":3},"r":{"a":0,"k":0,"ix":6},"o":{"a":0,"k":100,"ix":7},"sk":{"a":0,"k":0,"ix":4},"sa":{"a":0,"k":0,"ix":5},"nm":"Transform"}],"nm":"Group 1","np":2,"cix":2,"bm":0,"ix":1,"mn":"ADBE Vector Group","hd":false}],"ip":0,"op":90,"st":0,"bm":0},{"ddd":0,"ind":2,"ty":4,"nm":"l hand Outlines","parent":8,"sr":1,"ks":{"o":{"a":0,"k":100,"ix":11},"r":{"a":0,"k":0,"ix":10},"p":{"a":0,"k":[14.75,94.885,0],"ix":2},"a":{"a":0,"k":[18.878,22.829,0],"ix":1},"s":{"a":0,"k":[100,100,100],"ix":6}},"ao":0,"shapes":[{"ty":"gr","it":[{"ind":0,"ty":"sh","ix":1,"ks":{"a":0,"k":{"i":[[0,-12.47],[12.47,0],[0,12.471],[-12.47,0]],"o":[[0,12.471],[-12.47,0],[0,-12.47],[12.47,0]],"v":[[18.628,-0.001],[-3.951,22.579],[-18.628,-0.001],[-3.951,-22.579]],"c":true},"ix":2},"nm":"Path 1","mn":"ADBE Vector Shape - Group","hd":false},{"ty":"fl","c":{"a":0,"k":[1,0.670999983245,0.349000010771,1],"ix":4},"o":{"a":0,"k":100,"ix":5},"r":1,"bm":0,"nm":"Fill 1","mn":"ADBE Vector Graphic - Fill","hd":false},{"ty":"tr","p":{"a":0,"k":[18.878,22.829],"ix":2},"a":{"a":0,"k":[0,0],"ix":1},"s":{"a":0,"k":[100,100],"ix":3},"r":{"a":0,"k":0,"ix":6},"o":{"a":0,"k":100,"ix":7},"sk":{"a":0,"k":0,"ix":4},"sa":{"a":0,"k":0,"ix":5},"nm":"Transform"}],"nm":"Group 1","np":2,"cix":2,"bm":0,"ix":1,"mn":"ADBE Vector Group","hd":false}],"ip":0,"op":90,"st":0,"bm":0},{"ddd":0,"ind":3,"ty":4,"nm":"Shape Layer 2","parent":8,"sr":1,"ks":{"o":{"a":0,"k":100,"ix":11},"r":{"a":0,"k":185.144,"ix":10},"p":{"a":0,"k":[168.28,106.162,0],"ix":2},"a":{"a":0,"k":[-32.125,125.688,0],"ix":1},"s":{"a":0,"k":[100,100,100],"ix":6}},"ao":0,"shapes":[{"ty":"gr","it":[{"ind":0,"ty":"sh","ix":1,"ks":{"a":0,"k":{"i":[[0,0],[0,0],[0,0]],"o":[[0,0],[0,0],[0,0]],"v":[[-40.75,116.75],[-21.375,128.5],[-42.875,134.625]],"c":false},"ix":2},"nm":"Path 1","mn":"ADBE Vector Shape - Group","hd":false},{"ty":"st","c":{"a":0,"k":[0.082352941176,0.054901964524,0.074509803922,1],"ix":3},"o":{"a":0,"k":100,"ix":4},"w":{"a":0,"k":6,"ix":5},"lc":2,"lj":2,"bm":0,"nm":"Stroke 1","mn":"ADBE Vector Graphic - Stroke","hd":false},{"ty":"tr","p":{"a":0,"k":[0,0],"ix":2},"a":{"a":0,"k":[0,0],"ix":1},"s":{"a":0,"k":[100,100],"ix":3},"r":{"a":0,"k":0,"ix":6},"o":{"a":0,"k":100,"ix":7},"sk":{"a":0,"k":0,"ix":4},"sa":{"a":0,"k":0,"ix":5},"nm":"Transform"}],"nm":"Shape 1","np":3,"cix":2,"bm":0,"ix":1,"mn":"ADBE Vector Group","hd":false}],"ip":0,"op":32,"st":0,"bm":0},{"ddd":0,"ind":4,"ty":4,"nm":"Shape Layer 1","parent":8,"sr":1,"ks":{"o":{"a":0,"k":100,"ix":11},"r":{"a":0,"k":0,"ix":10},"p":{"a":0,"k":[104.655,93.537,0],"ix":2},"a":{"a":0,"k":[-32.125,125.688,0],"ix":1},"s":{"a":0,"k":[100,100,100],"ix":6}},"ao":0,"shapes":[{"ty":"gr","it":[{"ind":0,"ty":"sh","ix":1,"ks":{"a":0,"k":{"i":[[0,0],[0,0],[0,0]],"o":[[0,0],[0,0],[0,0]],"v":[[-40.75,116.75],[-21.375,128.5],[-42.875,134.625]],"c":false},"ix":2},"nm":"Path 1","mn":"ADBE Vector Shape - Group","hd":false},{"ty":"st","c":{"a":0,"k":[0.082352941176,0.054901964524,0.074509803922,1],"ix":3},"o":{"a":0,"k":100,"ix":4},"w":{"a":0,"k":6,"ix":5},"lc":2,"lj":2,"bm":0,"nm":"Stroke 1","mn":"ADBE Vector Graphic - Stroke","hd":false},{"ty":"tr","p":{"a":0,"k":[0,0],"ix":2},"a":{"a":0,"k":[0,0],"ix":1},"s":{"a":0,"k":[100,100],"ix":3},"r":{"a":0,"k":0,"ix":6},"o":{"a":0,"k":100,"ix":7},"sk":{"a":0,"k":0,"ix":4},"sa":{"a":0,"k":0,"ix":5},"nm":"Transform"}],"nm":"Shape 1","np":3,"cix":2,"bm":0,"ix":1,"mn":"ADBE Vector Group","hd":false}],"ip":0,"op":32,"st":0,"bm":0},{"ddd":0,"ind":5,"ty":4,"nm":"l eye card Outlines","parent":8,"sr":1,"ks":{"o":{"a":0,"k":100,"ix":11},"r":{"a":0,"k":0,"ix":10},"p":{"a":0,"k":[104.056,94.355,0],"ix":2},"a":{"a":0,"k":[12.894,16.419,0],"ix":1},"s":{"a":1,"k":[{"i":{"x":[0.667,0.667,0.667],"y":[1,1,1]},"o":{"x":[0.333,0.333,0.333],"y":[0,0,0]},"t":32,"s":[100,85,100]},{"i":{"x":[0.667,0.667,0.667],"y":[1,1,1]},"o":{"x":[0.333,0.333,0.333],"y":[0,0,0]},"t":34,"s":[100,100,100]},{"i":{"x":[0.667,0.667,0.667],"y":[1,1,1]},"o":{"x":[0.167,0.167,0.167],"y":[0,0,0]},"t":73,"s":[100,100,100]},{"t":75,"s":[100,85,100]}],"ix":6}},"ao":0,"shapes":[{"ty":"gr","it":[{"ind":0,"ty":"sh","ix":1,"ks":{"a":0,"k":{"i":[[0.429,-2.671],[2.672,0.429],[-0.429,2.672],[-2.671,-0.43]],"o":[[-0.429,2.672],[-2.672,-0.43],[0.429,-2.671],[2.672,0.428]],"v":[[4.838,0.777],[-0.777,4.838],[-4.837,-0.778],[0.777,-4.837]],"c":true},"ix":2},"nm":"Path 1","mn":"ADBE Vector Shape - Group","hd":false},{"ty":"fl","c":{"a":0,"k":[1,1,1,1],"ix":4},"o":{"a":0,"k":100,"ix":5},"r":1,"bm":0,"nm":"Fill 1","mn":"ADBE Vector Graphic - Fill","hd":false},{"ty":"tr","p":{"a":0,"k":[10.901,12.679],"ix":2},"a":{"a":0,"k":[0,0],"ix":1},"s":{"a":0,"k":[100,100],"ix":3},"r":{"a":0,"k":0,"ix":6},"o":{"a":0,"k":100,"ix":7},"sk":{"a":0,"k":0,"ix":4},"sa":{"a":0,"k":0,"ix":5},"nm":"Transform"}],"nm":"Group 1","np":2,"cix":2,"bm":0,"ix":1,"mn":"ADBE Vector Group","hd":false},{"ty":"gr","it":[{"ind":0,"ty":"sh","ix":1,"ks":{"a":0,"k":{"i":[[6.34,0.875],[1.166,-8.446],[-6.339,-0.875],[-1.167,8.446]],"o":[[-6.339,-0.876],[-1.166,8.446],[6.34,0.876],[1.166,-8.447]],"v":[[2.112,-15.294],[-11.479,-1.586],[-2.113,15.294],[11.479,1.586]],"c":true},"ix":2},"nm":"Path 1","mn":"ADBE Vector Shape - Group","hd":false},{"ty":"fl","c":{"a":0,"k":[0.081999999402,0.054999998504,0.075,1],"ix":4},"o":{"a":0,"k":100,"ix":5},"r":1,"bm":0,"nm":"Fill 1","mn":"ADBE Vector Graphic - Fill","hd":false},{"ty":"tr","p":{"a":0,"k":[12.894,16.42],"ix":2},"a":{"a":0,"k":[0,0],"ix":1},"s":{"a":0,"k":[100,100],"ix":3},"r":{"a":0,"k":0,"ix":6},"o":{"a":0,"k":100,"ix":7},"sk":{"a":0,"k":0,"ix":4},"sa":{"a":0,"k":0,"ix":5},"nm":"Transform"}],"nm":"Group 2","np":2,"cix":2,"bm":0,"ix":2,"mn":"ADBE Vector Group","hd":false}],"ip":32,"op":90,"st":0,"bm":0},{"ddd":0,"ind":6,"ty":4,"nm":"r eye card Outlines","parent":8,"sr":1,"ks":{"o":{"a":0,"k":100,"ix":11},"r":{"a":0,"k":0,"ix":10},"p":{"a":0,"k":[168.525,104.714,0],"ix":2},"a":{"a":0,"k":[13.186,16.59,0],"ix":1},"s":{"a":1,"k":[{"i":{"x":[0.667,0.667,0.667],"y":[1,1,1]},"o":{"x":[0.333,0.333,0.333],"y":[0,0,0]},"t":32,"s":[100,85,100]},{"i":{"x":[0.667,0.667,0.667],"y":[1,1,1]},"o":{"x":[0.333,0.333,0.333],"y":[0,0,0]},"t":34,"s":[100,100,100]},{"i":{"x":[0.667,0.667,0.667],"y":[1,1,1]},"o":{"x":[0.167,0.167,0.167],"y":[0,0,0]},"t":73,"s":[100,100,100]},{"t":75,"s":[100,85,100]}],"ix":6}},"ao":0,"shapes":[{"ty":"gr","it":[{"ind":0,"ty":"sh","ix":1,"ks":{"a":0,"k":{"i":[[0.43,-2.671],[2.672,0.429],[-0.429,2.672],[-2.671,-0.43]],"o":[[-0.429,2.672],[-2.672,-0.43],[0.43,-2.671],[2.671,0.428]],"v":[[4.837,0.777],[-0.777,4.838],[-4.838,-0.778],[0.777,-4.837]],"c":true},"ix":2},"nm":"Path 1","mn":"ADBE Vector Shape - Group","hd":false},{"ty":"fl","c":{"a":0,"k":[1,1,1,1],"ix":4},"o":{"a":0,"k":100,"ix":5},"r":1,"bm":0,"nm":"Fill 1","mn":"ADBE Vector Graphic - Fill","hd":false},{"ty":"tr","p":{"a":0,"k":[16.799,13.75],"ix":2},"a":{"a":0,"k":[0,0],"ix":1},"s":{"a":0,"k":[100,100],"ix":3},"r":{"a":0,"k":0,"ix":6},"o":{"a":0,"k":100,"ix":7},"sk":{"a":0,"k":0,"ix":4},"sa":{"a":0,"k":0,"ix":5},"nm":"Transform"}],"nm":"Group 1","np":2,"cix":2,"bm":0,"ix":1,"mn":"ADBE Vector Group","hd":false},{"ty":"gr","it":[{"ind":0,"ty":"sh","ix":1,"ks":{"a":0,"k":{"i":[[1.538,-8.387],[-6.295,-1.154],[-1.538,8.386],[6.294,1.156]],"o":[[-1.539,8.387],[6.294,1.155],[1.538,-8.387],[-6.295,-1.154]],"v":[[-11.396,-2.091],[-2.786,15.185],[11.397,2.091],[2.786,-15.186]],"c":true},"ix":2},"nm":"Path 1","mn":"ADBE Vector Shape - Group","hd":false},{"ty":"fl","c":{"a":0,"k":[0.081999999402,0.054999998504,0.075,1],"ix":4},"o":{"a":0,"k":100,"ix":5},"r":1,"bm":0,"nm":"Fill 1","mn":"ADBE Vector Graphic - Fill","hd":false},{"ty":"tr","p":{"a":0,"k":[13.186,16.59],"ix":2},"a":{"a":0,"k":[0,0],"ix":1},"s":{"a":0,"k":[100,100],"ix":3},"r":{"a":0,"k":0,"ix":6},"o":{"a":0,"k":100,"ix":7},"sk":{"a":0,"k":0,"ix":4},"sa":{"a":0,"k":0,"ix":5},"nm":"Transform"}],"nm":"Group 2","np":2,"cix":2,"bm":0,"ix":2,"mn":"ADBE Vector Group","hd":false}],"ip":32,"op":90,"st":0,"bm":0},{"ddd":0,"ind":7,"ty":4,"nm":"mouth Outlines","parent":8,"sr":1,"ks":{"o":{"a":0,"k":100,"ix":11},"r":{"a":0,"k":0,"ix":10},"p":{"a":0,"k":[134.347,113.602,0],"ix":2},"a":{"a":0,"k":[21.911,18.409,0],"ix":1},"s":{"a":0,"k":[100,100,100],"ix":6}},"ao":0,"shapes":[{"ty":"gr","it":[{"ind":0,"ty":"sh","ix":1,"ks":{"a":0,"k":{"i":[[0,0],[-5.287,-1.11],[-0.271,1.681]],"o":[[0,0],[5.841,1.226],[0,0]],"v":[[-6.879,-3.911],[-1.613,2.686],[6.9,-1.984]],"c":false},"ix":2},"nm":"Path 1","mn":"ADBE Vector Shape - Group","hd":false},{"ty":"st","c":{"a":0,"k":[0.046999998654,0.030999998953,0.008000000785,1],"ix":3},"o":{"a":0,"k":100,"ix":4},"w":{"a":0,"k":6,"ix":5},"lc":2,"lj":2,"bm":0,"nm":"Stroke 1","mn":"ADBE Vector Graphic - Stroke","hd":false},{"ty":"tr","p":{"a":0,"k":[21.9,18.912],"ix":2},"a":{"a":0,"k":[0,0],"ix":1},"s":{"a":0,"k":[100,100],"ix":3},"r":{"a":0,"k":0,"ix":6},"o":{"a":0,"k":100,"ix":7},"sk":{"a":0,"k":0,"ix":4},"sa":{"a":0,"k":0,"ix":5},"nm":"Transform"}],"nm":"Group 1","np":2,"cix":2,"bm":0,"ix":1,"mn":"ADBE Vector Group","hd":false}],"ip":0,"op":90,"st":0,"bm":0},{"ddd":0,"ind":8,"ty":4,"nm":"card Outlines","parent":21,"sr":1,"ks":{"o":{"a":0,"k":100,"ix":11},"r":{"a":0,"k":0,"ix":10},"p":{"a":1,"k":[{"i":{"x":0.833,"y":0.833},"o":{"x":0.167,"y":0.167},"t":0,"s":[110.421,151.401,0],"to":[0,0,0],"ti":[0,0,0]},{"i":{"x":0.833,"y":0.718},"o":{"x":0.167,"y":0.083},"t":1,"s":[110.421,151.401,0],"to":[0,-0.338,0],"ti":[0,1.144,0]},{"i":{"x":0.833,"y":0.817},"o":{"x":0.167,"y":0.118},"t":2,"s":[110.421,149.373,0],"to":[0,-1.144,0],"ti":[0,1.767,0]},{"i":{"x":0.833,"y":0.847},"o":{"x":0.167,"y":0.153},"t":3,"s":[110.421,144.536,0],"to":[0,-1.767,0],"ti":[0,1.767,0]},{"i":{"x":0.833,"y":0.882},"o":{"x":0.167,"y":0.183},"t":4,"s":[110.421,138.77,0],"to":[0,-1.767,0],"ti":[0,1.145,0]},{"i":{"x":0.833,"y":0.851},"o":{"x":0.167,"y":0.281},"t":5,"s":[110.421,133.936,0],"to":[0,-1.145,0],"ti":[0,0.074,0]},{"i":{"x":0.833,"y":0.679},"o":{"x":0.167,"y":0.189},"t":6,"s":[110.421,131.901,0],"to":[0,-0.074,0],"ti":[0,-1.028,0]},{"i":{"x":0.833,"y":0.813},"o":{"x":0.167,"y":0.113},"t":7,"s":[110.421,133.492,0],"to":[0,1.028,0],"ti":[0,-1.71,0]},{"i":{"x":0.833,"y":0.845},"o":{"x":0.167,"y":0.15},"t":8,"s":[110.421,138.067,0],"to":[0,1.71,0],"ti":[0,-1.765,0]},{"i":{"x":0.833,"y":0.87},"o":{"x":0.167,"y":0.18},"t":9,"s":[110.421,143.754,0],"to":[0,1.765,0],"ti":[0,-1.275,0]},{"i":{"x":0.833,"y":0.867},"o":{"x":0.167,"y":0.232},"t":10,"s":[110.421,148.655,0],"to":[0,1.275,0],"ti":[0,-0.193,0]},{"i":{"x":0.833,"y":0.685},"o":{"x":0.167,"y":0.222},"t":11,"s":[110.421,151.401,0],"to":[0,0.193,0],"ti":[0,1.026,0]},{"i":{"x":0.833,"y":0.813},"o":{"x":0.167,"y":0.113},"t":12,"s":[110.421,149.814,0],"to":[0,-1.026,0],"ti":[0,1.71,0]},{"i":{"x":0.833,"y":0.845},"o":{"x":0.167,"y":0.15},"t":13,"s":[110.421,145.242,0],"to":[0,-1.71,0],"ti":[0,1.765,0]},{"i":{"x":0.833,"y":0.87},"o":{"x":0.167,"y":0.18},"t":14,"s":[110.421,139.556,0],"to":[0,-1.765,0],"ti":[0,1.276,0]},{"i":{"x":0.833,"y":0.867},"o":{"x":0.167,"y":0.232},"t":15,"s":[110.421,134.654,0],"to":[0,-1.276,0],"ti":[0,0.194,0]},{"i":{"x":0.833,"y":0.685},"o":{"x":0.167,"y":0.223},"t":16,"s":[110.421,131.901,0],"to":[0,-0.194,0],"ti":[0,-1.026,0]},{"i":{"x":0.833,"y":0.813},"o":{"x":0.167,"y":0.113},"t":17,"s":[110.421,133.488,0],"to":[0,1.026,0],"ti":[0,-1.71,0]},{"i":{"x":0.833,"y":0.845},"o":{"x":0.167,"y":0.15},"t":18,"s":[110.421,138.06,0],"to":[0,1.71,0],"ti":[0,-1.765,0]},{"i":{"x":0.833,"y":0.87},"o":{"x":0.167,"y":0.18},"t":19,"s":[110.421,143.747,0],"to":[0,1.765,0],"ti":[0,-1.276,0]},{"i":{"x":0.833,"y":0.867},"o":{"x":0.167,"y":0.232},"t":20,"s":[110.421,148.648,0],"to":[0,1.276,0],"ti":[0,-0.194,0]},{"i":{"x":0.833,"y":0.685},"o":{"x":0.167,"y":0.223},"t":21,"s":[110.421,151.401,0],"to":[0,0.194,0],"ti":[0,1.026,0]},{"i":{"x":0.833,"y":0.813},"o":{"x":0.167,"y":0.113},"t":22,"s":[110.421,149.814,0],"to":[0,-1.026,0],"ti":[0,1.71,0]},{"i":{"x":0.833,"y":0.845},"o":{"x":0.167,"y":0.15},"t":23,"s":[110.421,145.242,0],"to":[0,-1.71,0],"ti":[0,1.765,0]},{"i":{"x":0.833,"y":0.87},"o":{"x":0.167,"y":0.18},"t":24,"s":[110.421,139.556,0],"to":[0,-1.765,0],"ti":[0,1.276,0]},{"i":{"x":0.833,"y":0.88},"o":{"x":0.167,"y":0.232},"t":25,"s":[110.421,134.654,0],"to":[0,-1.276,0],"ti":[0,0.283,0]},{"i":{"x":0.833,"y":0.696},"o":{"x":0.167,"y":0.275},"t":26,"s":[110.421,131.901,0],"to":[0,-0.283,0],"ti":[0,-0.703,0]},{"i":{"x":0.833,"y":0.8},"o":{"x":0.167,"y":0.115},"t":27,"s":[110.421,132.959,0],"to":[0,0.703,0],"ti":[0,-1.266,0]},{"i":{"x":0.833,"y":0.819},"o":{"x":0.167,"y":0.143},"t":28,"s":[110.421,136.119,0],"to":[0,1.266,0],"ti":[0,-1.601,0]},{"i":{"x":0.833,"y":0.825},"o":{"x":0.167,"y":0.155},"t":29,"s":[110.421,140.553,0],"to":[0,1.601,0],"ti":[0,-1.808,0]},{"i":{"x":0.833,"y":0.848},"o":{"x":0.167,"y":0.159},"t":30,"s":[110.421,145.727,0],"to":[0,1.808,0],"ti":[0,-1.725,0]},{"i":{"x":0.833,"y":0.867},"o":{"x":0.167,"y":0.184},"t":31,"s":[110.421,151.401,0],"to":[0,1.725,0],"ti":[0,-1.247,0]},{"i":{"x":0.833,"y":0.89},"o":{"x":0.167,"y":0.222},"t":32,"s":[110.421,156.079,0],"to":[0,1.247,0],"ti":[0,-0.617,0]},{"i":{"x":0.833,"y":0.85},"o":{"x":0.167,"y":0.343},"t":33,"s":[110.421,158.88,0],"to":[0,0.617,0],"ti":[0,-0.031,0]},{"i":{"x":0.833,"y":0.704},"o":{"x":0.167,"y":0.188},"t":34,"s":[110.421,159.778,0],"to":[0,0.031,0],"ti":[0,0.422,0]},{"i":{"x":0.833,"y":0.808},"o":{"x":0.167,"y":0.116},"t":35,"s":[110.421,159.067,0],"to":[0,-0.422,0],"ti":[0,0.699,0]},{"i":{"x":0.833,"y":0.832},"o":{"x":0.167,"y":0.147},"t":36,"s":[110.421,157.244,0],"to":[0,-0.699,0],"ti":[0,0.795,0]},{"i":{"x":0.833,"y":0.847},"o":{"x":0.167,"y":0.166},"t":37,"s":[110.421,154.872,0],"to":[0,-0.795,0],"ti":[0,0.735,0]},{"i":{"x":0.833,"y":0.859},"o":{"x":0.167,"y":0.182},"t":38,"s":[110.421,152.476,0],"to":[0,-0.735,0],"ti":[0,0.567,0]},{"i":{"x":0.833,"y":0.876},"o":{"x":0.167,"y":0.204},"t":39,"s":[110.421,150.461,0],"to":[0,-0.567,0],"ti":[0,0.343,0]},{"i":{"x":0.833,"y":0.899},"o":{"x":0.167,"y":0.255},"t":40,"s":[110.421,149.075,0],"to":[0,-0.343,0],"ti":[0,0.115,0]},{"i":{"x":0.833,"y":0.635},"o":{"x":0.167,"y":0.469},"t":41,"s":[110.421,148.402,0],"to":[0,-0.115,0],"ti":[0,-0.079,0]},{"i":{"x":0.833,"y":0.781},"o":{"x":0.167,"y":0.108},"t":42,"s":[110.421,148.387,0],"to":[0,0.079,0],"ti":[0,-0.215,0]},{"i":{"x":0.833,"y":0.823},"o":{"x":0.167,"y":0.135},"t":43,"s":[110.421,148.878,0],"to":[0,0.215,0],"ti":[0,-0.283,0]},{"i":{"x":0.833,"y":0.84},"o":{"x":0.167,"y":0.157},"t":44,"s":[110.421,149.676,0],"to":[0,0.283,0],"ti":[0,-0.288,0]},{"i":{"x":0.833,"y":0.853},"o":{"x":0.167,"y":0.174},"t":45,"s":[110.421,150.575,0],"to":[0,0.288,0],"ti":[0,-0.243,0]},{"i":{"x":0.833,"y":0.867},"o":{"x":0.167,"y":0.192},"t":46,"s":[110.421,151.401,0],"to":[0,0.243,0],"ti":[0,-0.169,0]},{"i":{"x":0.833,"y":0.89},"o":{"x":0.167,"y":0.222},"t":47,"s":[110.421,152.034,0],"to":[0,0.169,0],"ti":[0,-0.083,0]},{"i":{"x":0.833,"y":0.85},"o":{"x":0.167,"y":0.343},"t":48,"s":[110.421,152.413,0],"to":[0,0.083,0],"ti":[0,-0.004,0]},{"i":{"x":0.833,"y":0.704},"o":{"x":0.167,"y":0.188},"t":49,"s":[110.421,152.535,0],"to":[0,0.004,0],"ti":[0,0.057,0]},{"i":{"x":0.833,"y":0.808},"o":{"x":0.167,"y":0.116},"t":50,"s":[110.421,152.439,0],"to":[0,-0.057,0],"ti":[0,0.095,0]},{"i":{"x":0.833,"y":0.832},"o":{"x":0.167,"y":0.147},"t":51,"s":[110.421,152.192,0],"to":[0,-0.095,0],"ti":[0,0.108,0]},{"i":{"x":0.833,"y":0.847},"o":{"x":0.167,"y":0.166},"t":52,"s":[110.421,151.871,0],"to":[0,-0.108,0],"ti":[0,0.099,0]},{"i":{"x":0.833,"y":0.859},"o":{"x":0.167,"y":0.182},"t":53,"s":[110.421,151.547,0],"to":[0,-0.099,0],"ti":[0,0.077,0]},{"i":{"x":0.833,"y":0.876},"o":{"x":0.167,"y":0.204},"t":54,"s":[110.421,151.274,0],"to":[0,-0.077,0],"ti":[0,0.046,0]},{"i":{"x":0.833,"y":0.899},"o":{"x":0.167,"y":0.255},"t":55,"s":[110.421,151.086,0],"to":[0,-0.046,0],"ti":[0,0.016,0]},{"i":{"x":0.833,"y":0.645},"o":{"x":0.167,"y":0.456},"t":56,"s":[110.421,150.995,0],"to":[0,-0.016,0],"ti":[0,-0.011,0]},{"i":{"x":0.833,"y":0.781},"o":{"x":0.167,"y":0.108},"t":57,"s":[110.421,150.993,0],"to":[0,0.011,0],"ti":[0,-0.029,0]},{"i":{"x":0.833,"y":0.823},"o":{"x":0.167,"y":0.135},"t":58,"s":[110.421,151.06,0],"to":[0,0.029,0],"ti":[0,-0.038,0]},{"i":{"x":0.833,"y":0.84},"o":{"x":0.167,"y":0.157},"t":59,"s":[110.421,151.168,0],"to":[0,0.038,0],"ti":[0,-0.039,0]},{"i":{"x":0.833,"y":0.853},"o":{"x":0.167,"y":0.174},"t":60,"s":[110.421,151.289,0],"to":[0,0.039,0],"ti":[0,-0.033,0]},{"i":{"x":0.833,"y":0.867},"o":{"x":0.167,"y":0.192},"t":61,"s":[110.421,151.401,0],"to":[0,0.033,0],"ti":[0,-0.023,0]},{"i":{"x":0.833,"y":0.89},"o":{"x":0.167,"y":0.222},"t":62,"s":[110.421,151.487,0],"to":[0,0.023,0],"ti":[0,-0.011,0]},{"i":{"x":0.833,"y":0.85},"o":{"x":0.167,"y":0.343},"t":63,"s":[110.421,151.538,0],"to":[0,0.011,0],"ti":[0,-0.001,0]},{"i":{"x":0.833,"y":0.707},"o":{"x":0.167,"y":0.186},"t":64,"s":[110.421,151.555,0],"to":[0,0.001,0],"ti":[0,0.008,0]},{"i":{"x":0.833,"y":0.808},"o":{"x":0.167,"y":0.116},"t":65,"s":[110.421,151.542,0],"to":[0,-0.008,0],"ti":[0,0.013,0]},{"i":{"x":0.833,"y":0.832},"o":{"x":0.167,"y":0.147},"t":66,"s":[110.421,151.508,0],"to":[0,-0.013,0],"ti":[0,0.015,0]},{"i":{"x":0.833,"y":0.847},"o":{"x":0.167,"y":0.166},"t":67,"s":[110.421,151.465,0],"to":[0,-0.015,0],"ti":[0,0.013,0]},{"i":{"x":0.833,"y":0.859},"o":{"x":0.167,"y":0.182},"t":68,"s":[110.421,151.421,0],"to":[0,-0.013,0],"ti":[0,0.01,0]},{"i":{"x":0.833,"y":0.876},"o":{"x":0.167,"y":0.204},"t":69,"s":[110.421,151.384,0],"to":[0,-0.01,0],"ti":[0,0.006,0]},{"i":{"x":0.833,"y":0.899},"o":{"x":0.167,"y":0.255},"t":70,"s":[110.421,151.359,0],"to":[0,-0.006,0],"ti":[0,0.002,0]},{"i":{"x":0.833,"y":0.57},"o":{"x":0.167,"y":0.553},"t":71,"s":[110.421,151.346,0],"to":[0,-0.002,0],"ti":[0,-0.001,0]},{"i":{"x":0.833,"y":0.781},"o":{"x":0.167,"y":0.108},"t":72,"s":[110.421,151.346,0],"to":[0,0.001,0],"ti":[0,-0.004,0]},{"i":{"x":0.833,"y":0.823},"o":{"x":0.167,"y":0.135},"t":73,"s":[110.421,151.355,0],"to":[0,0.004,0],"ti":[0,-0.005,0]},{"i":{"x":0.833,"y":0.84},"o":{"x":0.167,"y":0.157},"t":74,"s":[110.421,151.37,0],"to":[0,0.005,0],"ti":[0,-0.005,0]},{"i":{"x":0.833,"y":0.853},"o":{"x":0.167,"y":0.174},"t":75,"s":[110.421,151.386,0],"to":[0,0.005,0],"ti":[0,-0.004,0]},{"i":{"x":0.833,"y":0.867},"o":{"x":0.167,"y":0.192},"t":76,"s":[110.421,151.401,0],"to":[0,0.004,0],"ti":[0,-0.003,0]},{"i":{"x":0.833,"y":0.89},"o":{"x":0.167,"y":0.222},"t":77,"s":[110.421,151.413,0],"to":[0,0.003,0],"ti":[0,-0.002,0]},{"i":{"x":0.833,"y":0.85},"o":{"x":0.167,"y":0.343},"t":78,"s":[110.421,151.42,0],"to":[0,0.002,0],"ti":[0,0,0]},{"i":{"x":0.833,"y":0.702},"o":{"x":0.167,"y":0.189},"t":79,"s":[110.421,151.422,0],"to":[0,0,0],"ti":[0,0.001,0]},{"i":{"x":0.833,"y":0.808},"o":{"x":0.167,"y":0.116},"t":80,"s":[110.421,151.42,0],"to":[0,-0.001,0],"ti":[0,0.002,0]},{"i":{"x":0.833,"y":0.832},"o":{"x":0.167,"y":0.147},"t":81,"s":[110.421,151.416,0],"to":[0,-0.002,0],"ti":[0,0.002,0]},{"i":{"x":0.833,"y":0.847},"o":{"x":0.167,"y":0.166},"t":82,"s":[110.421,151.41,0],"to":[0,-0.002,0],"ti":[0,0.002,0]},{"i":{"x":0.833,"y":0.859},"o":{"x":0.167,"y":0.182},"t":83,"s":[110.421,151.404,0],"to":[0,-0.002,0],"ti":[0,0.001,0]},{"i":{"x":0.833,"y":0.876},"o":{"x":0.167,"y":0.204},"t":84,"s":[110.421,151.399,0],"to":[0,-0.001,0],"ti":[0,0.001,0]},{"i":{"x":0.833,"y":0.899},"o":{"x":0.167,"y":0.255},"t":85,"s":[110.421,151.395,0],"to":[0,-0.001,0],"ti":[0,0,0]},{"i":{"x":0.953,"y":0},"o":{"x":0.037,"y":1},"t":86,"s":[110.421,151.394,0],"to":[0,0,0],"ti":[0,0,0]},{"i":{"x":0.833,"y":0.781},"o":{"x":0.167,"y":0.108},"t":87,"s":[110.421,151.394,0],"to":[0,0,0],"ti":[0,-0.001,0]},{"i":{"x":0.833,"y":0.833},"o":{"x":0.167,"y":0.135},"t":88,"s":[110.421,151.395,0],"to":[0,0.001,0],"ti":[0,0,0]},{"t":89,"s":[110.421,151.397,0]}],"ix":2},"a":{"a":0,"k":[137.631,102.349,0],"ix":1},"s":{"a":0,"k":[100,100,100],"ix":6}},"ao":0,"shapes":[{"ty":"gr","it":[{"ind":0,"ty":"sh","ix":1,"ks":{"a":0,"k":{"i":[[0,0],[-3.455,-4.776]],"o":[[0,0],[0,0]],"v":[[-4.698,-2.514],[4.698,2.514]],"c":false},"ix":2},"nm":"Path 1","mn":"ADBE Vector Shape - Group","hd":false},{"ty":"st","c":{"a":0,"k":[0.046999998654,0.030999998953,0.008000000785,1],"ix":3},"o":{"a":0,"k":100,"ix":4},"w":{"a":0,"k":9,"ix":5},"lc":2,"lj":2,"bm":0,"nm":"Stroke 1","mn":"ADBE Vector Graphic - Stroke","hd":false},{"ty":"tr","p":{"a":0,"k":[176.27,82.453],"ix":2},"a":{"a":0,"k":[0,0],"ix":1},"s":{"a":0,"k":[100,100],"ix":3},"r":{"a":0,"k":0,"ix":6},"o":{"a":0,"k":100,"ix":7},"sk":{"a":0,"k":0,"ix":4},"sa":{"a":0,"k":0,"ix":5},"nm":"Transform"}],"nm":"Group 1","np":2,"cix":2,"bm":0,"ix":1,"mn":"ADBE Vector Group","hd":false},{"ty":"gr","it":[{"ind":0,"ty":"sh","ix":1,"ks":{"a":0,"k":{"i":[[0,0],[4.778,-3.454]],"o":[[0,0],[0,0]],"v":[[5.249,-0.104],[-5.249,1.727]],"c":false},"ix":2},"nm":"Path 1","mn":"ADBE Vector Shape - Group","hd":false},{"ty":"st","c":{"a":0,"k":[0.046999998654,0.030999998953,0.008000000785,1],"ix":3},"o":{"a":0,"k":100,"ix":4},"w":{"a":0,"k":9,"ix":5},"lc":2,"lj":2,"bm":0,"nm":"Stroke 1","mn":"ADBE Vector Graphic - Stroke","hd":false},{"ty":"tr","p":{"a":0,"k":[100.587,69.481],"ix":2},"a":{"a":0,"k":[0,0],"ix":1},"s":{"a":0,"k":[100,100],"ix":3},"r":{"a":0,"k":0,"ix":6},"o":{"a":0,"k":100,"ix":7},"sk":{"a":0,"k":0,"ix":4},"sa":{"a":0,"k":0,"ix":5},"nm":"Transform"}],"nm":"Group 2","np":2,"cix":2,"bm":0,"ix":2,"mn":"ADBE Vector Group","hd":false},{"ty":"gr","it":[{"ind":0,"ty":"sh","ix":1,"ks":{"a":0,"k":{"i":[[0.692,-4.309],[4.244,0.682],[-0.692,4.309],[-4.245,-0.682]],"o":[[-0.692,4.308],[-4.246,-0.682],[0.692,-4.307],[4.244,0.682]],"v":[[7.686,1.235],[-1.253,7.8],[-7.685,-1.236],[1.254,-7.801]],"c":true},"ix":2},"nm":"Path 1","mn":"ADBE Vector Shape - Group","hd":false},{"ty":"fl","c":{"a":0,"k":[0.976000019148,0.607999973671,0.607999973671,1],"ix":4},"o":{"a":0,"k":100,"ix":5},"r":1,"bm":0,"nm":"Fill 1","mn":"ADBE Vector Graphic - Fill","hd":false},{"ty":"tr","p":{"a":0,"k":[177.476,129.206],"ix":2},"a":{"a":0,"k":[0,0],"ix":1},"s":{"a":0,"k":[100,100],"ix":3},"r":{"a":0,"k":0,"ix":6},"o":{"a":0,"k":100,"ix":7},"sk":{"a":0,"k":0,"ix":4},"sa":{"a":0,"k":0,"ix":5},"nm":"Transform"}],"nm":"Group 3","np":2,"cix":2,"bm":0,"ix":3,"mn":"ADBE Vector Group","hd":false},{"ty":"gr","it":[{"ind":0,"ty":"sh","ix":1,"ks":{"a":0,"k":{"i":[[0.692,-4.308],[4.244,0.683],[-0.692,4.309],[-4.244,-0.683]],"o":[[-0.692,4.309],[-4.245,-0.681],[0.693,-4.308],[4.245,0.681]],"v":[[7.686,1.235],[-1.253,7.8],[-7.686,-1.235],[1.253,-7.8]],"c":true},"ix":2},"nm":"Path 1","mn":"ADBE Vector Shape - Group","hd":false},{"ty":"fl","c":{"a":0,"k":[0.976000019148,0.607999973671,0.607999973671,1],"ix":4},"o":{"a":0,"k":100,"ix":5},"r":1,"bm":0,"nm":"Fill 1","mn":"ADBE Vector Graphic - Fill","hd":false},{"ty":"tr","p":{"a":0,"k":[87.779,114.794],"ix":2},"a":{"a":0,"k":[0,0],"ix":1},"s":{"a":0,"k":[100,100],"ix":3},"r":{"a":0,"k":0,"ix":6},"o":{"a":0,"k":100,"ix":7},"sk":{"a":0,"k":0,"ix":4},"sa":{"a":0,"k":0,"ix":5},"nm":"Transform"}],"nm":"Group 4","np":2,"cix":2,"bm":0,"ix":4,"mn":"ADBE Vector Group","hd":false},{"ty":"gr","it":[{"ind":0,"ty":"sh","ix":1,"ks":{"a":0,"k":{"i":[[4.727,0.759],[0,0],[-0.76,4.728],[0,0],[-4.726,-0.76],[0,0],[0.759,-4.726],[0,0]],"o":[[0,0],[-4.726,-0.76],[0,0],[0.759,-4.726],[0,0],[4.727,0.759],[0,0],[-0.76,4.727]],"v":[[8.07,16.824],[-12.934,13.449],[-20.117,3.514],[-18.003,-9.641],[-8.07,-16.823],[12.934,-13.449],[20.118,-3.515],[18.004,9.64]],"c":true},"ix":2},"nm":"Path 1","mn":"ADBE Vector Shape - Group","hd":false},{"ty":"fl","c":{"a":0,"k":[0.827000038297,0.827000038297,0.827000038297,1],"ix":4},"o":{"a":0,"k":100,"ix":5},"r":1,"bm":0,"nm":"Fill 1","mn":"ADBE Vector Graphic - Fill","hd":false},{"ty":"tr","p":{"a":0,"k":[45.239,145.865],"ix":2},"a":{"a":0,"k":[0,0],"ix":1},"s":{"a":0,"k":[100,100],"ix":3},"r":{"a":0,"k":0,"ix":6},"o":{"a":0,"k":100,"ix":7},"sk":{"a":0,"k":0,"ix":4},"sa":{"a":0,"k":0,"ix":5},"nm":"Transform"}],"nm":"Group 5","np":2,"cix":2,"bm":0,"ix":5,"mn":"ADBE Vector Group","hd":false},{"ty":"gr","it":[{"ind":0,"ty":"sh","ix":1,"ks":{"a":0,"k":{"i":[[1.716,-10.682],[10.681,1.717],[-1.716,10.682],[-10.682,-1.717]],"o":[[-1.717,10.682],[-10.682,-1.715],[1.716,-10.681],[10.681,1.716]],"v":[[19.341,3.108],[-3.108,19.341],[-19.341,-3.107],[3.108,-19.34]],"c":true},"ix":2},"nm":"Path 1","mn":"ADBE Vector Shape - Group","hd":false},{"ty":"fl","c":{"a":0,"k":[1,0.713999968884,0,1],"ix":4},"o":{"a":0,"k":100,"ix":5},"r":1,"bm":0,"nm":"Fill 1","mn":"ADBE Vector Graphic - Fill","hd":false},{"ty":"tr","p":{"a":0,"k":[218.592,171.131],"ix":2},"a":{"a":0,"k":[0,0],"ix":1},"s":{"a":0,"k":[100,100],"ix":3},"r":{"a":0,"k":0,"ix":6},"o":{"a":0,"k":100,"ix":7},"sk":{"a":0,"k":0,"ix":4},"sa":{"a":0,"k":0,"ix":5},"nm":"Transform"}],"nm":"Group 6","np":2,"cix":2,"bm":0,"ix":6,"mn":"ADBE Vector Group","hd":false},{"ty":"gr","it":[{"ind":0,"ty":"sh","ix":1,"ks":{"a":0,"k":{"i":[[1.716,-10.682],[10.682,1.716],[-1.716,10.682],[-10.682,-1.717]],"o":[[-1.717,10.682],[-10.682,-1.716],[1.716,-10.681],[10.681,1.716]],"v":[[19.341,3.108],[-3.108,19.341],[-19.341,-3.108],[3.108,-19.34]],"c":true},"ix":2},"nm":"Path 1","mn":"ADBE Vector Shape - Group","hd":false},{"ty":"fl","c":{"a":0,"k":[0.929000016755,0.277999997606,0.238999998803,1],"ix":4},"o":{"a":0,"k":100,"ix":5},"r":1,"bm":0,"nm":"Fill 1","mn":"ADBE Vector Graphic - Fill","hd":false},{"ty":"tr","p":{"a":0,"k":[192.243,166.897],"ix":2},"a":{"a":0,"k":[0,0],"ix":1},"s":{"a":0,"k":[100,100],"ix":3},"r":{"a":0,"k":0,"ix":6},"o":{"a":0,"k":100,"ix":7},"sk":{"a":0,"k":0,"ix":4},"sa":{"a":0,"k":0,"ix":5},"nm":"Transform"}],"nm":"Group 7","np":2,"cix":2,"bm":0,"ix":7,"mn":"ADBE Vector Group","hd":false},{"ty":"gr","it":[{"ind":0,"ty":"sh","ix":1,"ks":{"a":0,"k":{"i":[[1.995,-12.417],[0.82,-1.812],[0,0],[0,0]],"o":[[0,0],[0,0],[0,0],[12.417,1.995]],"v":[[83.389,-26.249],[66.074,76.434],[-85.384,-76.434],[64.516,-52.348]],"c":true},"ix":2},"nm":"Path 1","mn":"ADBE Vector Shape - Group","hd":false},{"ty":"fl","c":{"a":0,"k":[0.929000016755,0.277999997606,0.238999998803,1],"ix":4},"o":{"a":0,"k":100,"ix":5},"r":1,"bm":0,"nm":"Fill 1","mn":"ADBE Vector Graphic - Fill","hd":false},{"ty":"tr","p":{"a":0,"k":[189.628,87.722],"ix":2},"a":{"a":0,"k":[0,0],"ix":1},"s":{"a":0,"k":[100,100],"ix":3},"r":{"a":0,"k":0,"ix":6},"o":{"a":0,"k":100,"ix":7},"sk":{"a":0,"k":0,"ix":4},"sa":{"a":0,"k":0,"ix":5},"nm":"Transform"}],"nm":"Group 8","np":2,"cix":2,"bm":0,"ix":8,"mn":"ADBE Vector Group","hd":false},{"ty":"gr","it":[{"ind":0,"ty":"sh","ix":1,"ks":{"a":0,"k":{"i":[[0,0],[0,0],[-1.995,12.418],[0,0]],"o":[[0,0],[-12.418,-1.995],[0,0],[0,0]],"v":[[87.346,80.745],[-66.478,56.028],[-85.351,29.929],[-67.568,-80.745]],"c":true},"ix":2},"nm":"Path 1","mn":"ADBE Vector Shape - Group","hd":false},{"ty":"fl","c":{"a":0,"k":[0.322000002394,0.776000019148,0.877999997606,1],"ix":4},"o":{"a":0,"k":100,"ix":5},"r":1,"bm":0,"nm":"Fill 1","mn":"ADBE Vector Graphic - Fill","hd":false},{"ty":"tr","p":{"a":0,"k":[87.597,113.295],"ix":2},"a":{"a":0,"k":[0,0],"ix":1},"s":{"a":0,"k":[100,100],"ix":3},"r":{"a":0,"k":0,"ix":6},"o":{"a":0,"k":100,"ix":7},"sk":{"a":0,"k":0,"ix":4},"sa":{"a":0,"k":0,"ix":5},"nm":"Transform"}],"nm":"Group 9","np":2,"cix":2,"bm":0,"ix":9,"mn":"ADBE Vector Group","hd":false},{"ty":"gr","it":[{"ind":0,"ty":"sh","ix":1,"ks":{"a":0,"k":{"i":[[1.995,-12.417],[0,0],[0.82,-1.812],[10.354,1.664],[0,0],[-1.996,12.418],[0,0],[-12.418,-1.995],[0,0]],"o":[[0,0],[-0.332,2.064],[-4.143,9.105],[0,0],[-12.418,-1.996],[0,0],[1.995,-12.418],[0,0],[12.417,1.995]],"v":[[135.386,-40.71],[115.766,81.395],[114.012,87.227],[89.667,100.269],[-116.512,67.14],[-135.385,41.04],[-115.765,-81.064],[-89.666,-99.938],[116.513,-66.809]],"c":true},"ix":2},"nm":"Path 1","mn":"ADBE Vector Shape - Group","hd":false},{"ty":"fl","c":{"a":0,"k":[1,1,1,1],"ix":4},"o":{"a":0,"k":100,"ix":5},"r":1,"bm":0,"nm":"Fill 1","mn":"ADBE Vector Graphic - Fill","hd":false},{"ty":"tr","p":{"a":0,"k":[137.631,102.183],"ix":2},"a":{"a":0,"k":[0,0],"ix":1},"s":{"a":0,"k":[100,100],"ix":3},"r":{"a":0,"k":0,"ix":6},"o":{"a":0,"k":100,"ix":7},"sk":{"a":0,"k":0,"ix":4},"sa":{"a":0,"k":0,"ix":5},"nm":"Transform"}],"nm":"Group 10","np":2,"cix":2,"bm":0,"ix":10,"mn":"ADBE Vector Group","hd":false}],"ip":0,"op":90,"st":0,"bm":0},{"ddd":0,"ind":9,"ty":3,"nm":"Null 1","parent":20,"sr":1,"ks":{"o":{"a":0,"k":0,"ix":11},"r":{"a":0,"k":0,"ix":10},"p":{"a":1,"k":[{"i":{"x":0.667,"y":1},"o":{"x":0.333,"y":0},"t":1,"s":[144.44,151.664,0],"to":[0,0,0],"ti":[0,0,0]},{"i":{"x":0.667,"y":1},"o":{"x":0.333,"y":0},"t":6,"s":[144.44,145.664,0],"to":[0,0,0],"ti":[0,0,0]},{"i":{"x":0.667,"y":1},"o":{"x":0.333,"y":0},"t":11,"s":[144.44,151.664,0],"to":[0,0,0],"ti":[0,0,0]},{"i":{"x":0.667,"y":1},"o":{"x":0.333,"y":0},"t":16,"s":[144.44,145.664,0],"to":[0,0,0],"ti":[0,0,0]},{"i":{"x":0.667,"y":1},"o":{"x":0.333,"y":0},"t":21,"s":[144.44,151.664,0],"to":[0,0,0],"ti":[0,0,0]},{"i":{"x":0.667,"y":1},"o":{"x":0.333,"y":0},"t":26,"s":[144.44,145.664,0],"to":[0,0,0],"ti":[0,0,0]},{"i":{"x":0.25,"y":1},"o":{"x":0.333,"y":0},"t":31,"s":[144.44,151.664,0],"to":[0,2.417,0],"ti":[0,-2.417,0]},{"i":{"x":0.25,"y":0.25},"o":{"x":0.167,"y":0.167},"t":45,"s":[144.44,166.164,0],"to":[0,0,0],"ti":[0,0,0]},{"i":{"x":0.667,"y":1},"o":{"x":0.167,"y":0},"t":65,"s":[144.44,166.164,0],"to":[0,-2.417,0],"ti":[0,0,0]},{"t":75,"s":[144.44,151.664,0]}],"ix":2},"a":{"a":0,"k":[50,50,0],"ix":1},"s":{"a":0,"k":[48,48,100],"ix":6}},"ao":0,"ip":0,"op":90,"st":0,"bm":0},{"ddd":0,"ind":10,"ty":4,"nm":"r brow Outlines","parent":9,"sr":1,"ks":{"o":{"a":0,"k":100,"ix":11},"r":{"a":0,"k":0,"ix":10},"p":{"a":0,"k":[177.098,-91.944,0],"ix":2},"a":{"a":0,"k":[10.552,5.401,0],"ix":1},"s":{"a":0,"k":[208.333,208.333,100],"ix":6}},"ao":0,"shapes":[{"ty":"gr","it":[{"ind":0,"ty":"sh","ix":1,"ks":{"a":0,"k":{"i":[[0,-2.845],[5.69,0],[0,2.845],[-5.69,0]],"o":[[0,2.845],[-5.69,0],[0,-2.845],[5.69,0]],"v":[[10.303,0],[-0.001,5.151],[-10.303,0],[-0.001,-5.151]],"c":true},"ix":2},"nm":"Path 1","mn":"ADBE Vector Shape - Group","hd":false},{"ty":"fl","c":{"a":0,"k":[1,0.819999964097,0.638999968884,1],"ix":4},"o":{"a":0,"k":100,"ix":5},"r":1,"bm":0,"nm":"Fill 1","mn":"ADBE Vector Graphic - Fill","hd":false},{"ty":"tr","p":{"a":0,"k":[10.552,5.401],"ix":2},"a":{"a":0,"k":[0,0],"ix":1},"s":{"a":0,"k":[100,100],"ix":3},"r":{"a":0,"k":0,"ix":6},"o":{"a":0,"k":100,"ix":7},"sk":{"a":0,"k":0,"ix":4},"sa":{"a":0,"k":0,"ix":5},"nm":"Transform"}],"nm":"Group 1","np":2,"cix":2,"bm":0,"ix":1,"mn":"ADBE Vector Group","hd":false}],"ip":0,"op":90,"st":0,"bm":0},{"ddd":0,"ind":11,"ty":4,"nm":"l brow Outlines","parent":9,"sr":1,"ks":{"o":{"a":0,"k":100,"ix":11},"r":{"a":0,"k":0,"ix":10},"p":{"a":0,"k":[-76.894,-91.944,0],"ix":2},"a":{"a":0,"k":[10.552,5.401,0],"ix":1},"s":{"a":0,"k":[208.333,208.333,100],"ix":6}},"ao":0,"shapes":[{"ty":"gr","it":[{"ind":0,"ty":"sh","ix":1,"ks":{"a":0,"k":{"i":[[0,-2.845],[5.69,0],[0,2.845],[-5.69,0]],"o":[[0,2.845],[-5.69,0],[0,-2.845],[5.69,0]],"v":[[10.303,0],[-0.001,5.151],[-10.303,0],[-0.001,-5.151]],"c":true},"ix":2},"nm":"Path 1","mn":"ADBE Vector Shape - Group","hd":false},{"ty":"fl","c":{"a":0,"k":[1,0.819999964097,0.638999968884,1],"ix":4},"o":{"a":0,"k":100,"ix":5},"r":1,"bm":0,"nm":"Fill 1","mn":"ADBE Vector Graphic - Fill","hd":false},{"ty":"tr","p":{"a":0,"k":[10.552,5.401],"ix":2},"a":{"a":0,"k":[0,0],"ix":1},"s":{"a":0,"k":[100,100],"ix":3},"r":{"a":0,"k":0,"ix":6},"o":{"a":0,"k":100,"ix":7},"sk":{"a":0,"k":0,"ix":4},"sa":{"a":0,"k":0,"ix":5},"nm":"Transform"}],"nm":"Group 1","np":2,"cix":2,"bm":0,"ix":1,"mn":"ADBE Vector Group","hd":false}],"ip":0,"op":90,"st":0,"bm":0},{"ddd":0,"ind":12,"ty":4,"nm":"nose Outlines","parent":9,"sr":1,"ks":{"o":{"a":0,"k":100,"ix":11},"r":{"a":0,"k":0,"ix":10},"p":{"a":0,"k":[52.378,64.05,0],"ix":2},"a":{"a":0,"k":[44.918,14.17,0],"ix":1},"s":{"a":0,"k":[208.333,208.333,100],"ix":6}},"ao":0,"shapes":[{"ty":"gr","it":[{"ind":0,"ty":"sh","ix":1,"ks":{"a":0,"k":{"i":[[0,-1.247],[1.87,0],[0,1.247],[-1.871,0]],"o":[[0,1.247],[-1.871,0],[0,-1.247],[1.87,0]],"v":[[3.387,0],[0,2.258],[-3.387,0],[0,-2.258]],"c":true},"ix":2},"nm":"Path 1","mn":"ADBE Vector Shape - Group","hd":false},{"ty":"fl","c":{"a":0,"k":[0.368999974868,0.368999974868,0.368999974868,1],"ix":4},"o":{"a":0,"k":100,"ix":5},"r":1,"bm":0,"nm":"Fill 1","mn":"ADBE Vector Graphic - Fill","hd":false},{"ty":"tr","p":{"a":0,"k":[42.095,4.679],"ix":2},"a":{"a":0,"k":[0,0],"ix":1},"s":{"a":0,"k":[100,100],"ix":3},"r":{"a":0,"k":0,"ix":6},"o":{"a":0,"k":100,"ix":7},"sk":{"a":0,"k":0,"ix":4},"sa":{"a":0,"k":0,"ix":5},"nm":"Transform"}],"nm":"Group 1","np":2,"cix":2,"bm":0,"ix":1,"mn":"ADBE Vector Group","hd":false},{"ty":"gr","it":[{"ind":0,"ty":"sh","ix":1,"ks":{"a":0,"k":{"i":[[0,-3.793],[6.638,0],[0,3.793],[-6.639,0]],"o":[[0,3.793],[-6.639,0],[0,-3.793],[6.638,0]],"v":[[12.02,0],[0,6.869],[-12.02,0],[0,-6.869]],"c":true},"ix":2},"nm":"Path 1","mn":"ADBE Vector Shape - Group","hd":false},{"ty":"fl","c":{"a":0,"k":[0.081999999402,0.054999998504,0.075,1],"ix":4},"o":{"a":0,"k":100,"ix":5},"r":1,"bm":0,"nm":"Fill 1","mn":"ADBE Vector Graphic - Fill","hd":false},{"ty":"tr","p":{"a":0,"k":[45.259,7.119],"ix":2},"a":{"a":0,"k":[0,0],"ix":1},"s":{"a":0,"k":[100,100],"ix":3},"r":{"a":0,"k":0,"ix":6},"o":{"a":0,"k":100,"ix":7},"sk":{"a":0,"k":0,"ix":4},"sa":{"a":0,"k":0,"ix":5},"nm":"Transform"}],"nm":"Group 2","np":2,"cix":2,"bm":0,"ix":2,"mn":"ADBE Vector Group","hd":false},{"ty":"gr","it":[{"ind":0,"ty":"sh","ix":1,"ks":{"a":0,"k":{"i":[[0,0],[-19.008,16.192],[-16.935,16.934]],"o":[[0,0],[0,0],[0,0]],"v":[[-29.918,-8.164],[-0.363,-8.164],[29.918,-8.467]],"c":false},"ix":2},"nm":"Path 1","mn":"ADBE Vector Shape - Group","hd":false},{"ty":"st","c":{"a":0,"k":[0,0,0,1],"ix":3},"o":{"a":0,"k":100,"ix":4},"w":{"a":0,"k":6,"ix":5},"lc":2,"lj":2,"bm":0,"nm":"Stroke 1","mn":"ADBE Vector Graphic - Stroke","hd":false},{"ty":"tr","p":{"a":0,"k":[44.918,28.951],"ix":2},"a":{"a":0,"k":[0,0],"ix":1},"s":{"a":0,"k":[100,100],"ix":3},"r":{"a":0,"k":0,"ix":6},"o":{"a":0,"k":100,"ix":7},"sk":{"a":0,"k":0,"ix":4},"sa":{"a":0,"k":0,"ix":5},"nm":"Transform"}],"nm":"Group 3","np":2,"cix":2,"bm":0,"ix":3,"mn":"ADBE Vector Group","hd":false}],"ip":0,"op":90,"st":0,"bm":0},{"ddd":0,"ind":13,"ty":4,"nm":"r pupil Outlines","parent":14,"sr":1,"ks":{"o":{"a":0,"k":100,"ix":11},"r":{"a":0,"k":0,"ix":10},"p":{"a":1,"k":[{"i":{"x":0.25,"y":1},"o":{"x":0.167,"y":0},"t":30,"s":[26.865,28.25,0],"to":[0,1.25,0],"ti":[0,-1.25,0]},{"i":{"x":0.25,"y":0.25},"o":{"x":0.167,"y":0.167},"t":45,"s":[26.865,35.75,0],"to":[0,0,0],"ti":[0,0,0]},{"i":{"x":0.833,"y":1},"o":{"x":0.167,"y":0},"t":65,"s":[26.865,35.75,0],"to":[0,-1.25,0],"ti":[0,1.25,0]},{"t":75,"s":[26.865,28.25,0]}],"ix":2},"a":{"a":0,"k":[18.28,19.997,0],"ix":1},"s":{"a":0,"k":[100,100,100],"ix":6}},"ao":0,"shapes":[{"ty":"gr","it":[{"ind":0,"ty":"sh","ix":1,"ks":{"a":0,"k":{"i":[[0,-4.742],[4.741,0],[0,4.742],[-4.742,0]],"o":[[0,4.742],[-4.742,0],[0,-4.742],[4.741,0]],"v":[[8.586,-0.001],[0,8.586],[-8.586,-0.001],[0,-8.586]],"c":true},"ix":2},"nm":"Path 1","mn":"ADBE Vector Shape - Group","hd":false},{"ty":"fl","c":{"a":0,"k":[1,1,1,1],"ix":4},"o":{"a":0,"k":100,"ix":5},"r":1,"bm":0,"nm":"Fill 1","mn":"ADBE Vector Graphic - Fill","hd":false},{"ty":"tr","p":{"a":0,"k":[27.724,8.836],"ix":2},"a":{"a":0,"k":[0,0],"ix":1},"s":{"a":0,"k":[100,100],"ix":3},"r":{"a":0,"k":0,"ix":6},"o":{"a":0,"k":100,"ix":7},"sk":{"a":0,"k":0,"ix":4},"sa":{"a":0,"k":0,"ix":5},"nm":"Transform"}],"nm":"Group 1","np":2,"cix":2,"bm":0,"ix":1,"mn":"ADBE Vector Group","hd":false},{"ty":"gr","it":[{"ind":0,"ty":"sh","ix":1,"ks":{"a":0,"k":{"i":[[0,-10.432],[9.484,0],[0,10.432],[-9.483,0]],"o":[[0,10.432],[-9.483,0],[0,-10.432],[9.484,0]],"v":[[17.172,0],[0,18.888],[-17.172,0],[0,-18.888]],"c":true},"ix":2},"nm":"Path 1","mn":"ADBE Vector Shape - Group","hd":false},{"ty":"fl","c":{"a":0,"k":[0.081999999402,0.054999998504,0.075,1],"ix":4},"o":{"a":0,"k":100,"ix":5},"r":1,"bm":0,"nm":"Fill 1","mn":"ADBE Vector Graphic - Fill","hd":false},{"ty":"tr","p":{"a":0,"k":[17.421,20.855],"ix":2},"a":{"a":0,"k":[0,0],"ix":1},"s":{"a":0,"k":[100,100],"ix":3},"r":{"a":0,"k":0,"ix":6},"o":{"a":0,"k":100,"ix":7},"sk":{"a":0,"k":0,"ix":4},"sa":{"a":0,"k":0,"ix":5},"nm":"Transform"}],"nm":"Group 2","np":2,"cix":2,"bm":0,"ix":2,"mn":"ADBE Vector Group","hd":false}],"ip":0,"op":90,"st":0,"bm":0},{"ddd":0,"ind":14,"ty":4,"nm":"r eye Outlines","parent":9,"sr":1,"ks":{"o":{"a":0,"k":100,"ix":11},"r":{"a":0,"k":0,"ix":10},"p":{"a":0,"k":[177.096,-0.722,0],"ix":2},"a":{"a":0,"k":[26.007,28.583,0],"ix":1},"s":{"a":0,"k":[208.333,208.333,100],"ix":6}},"ao":0,"shapes":[{"ty":"gr","it":[{"ind":0,"ty":"sh","ix":1,"ks":{"a":0,"k":{"i":[[0,-15.648],[14.225,0],[0,15.647],[-14.225,0]],"o":[[0,15.647],[-14.225,0],[0,-15.648],[14.225,0]],"v":[[25.757,0],[0,28.333],[-25.757,0],[0,-28.333]],"c":true},"ix":2},"nm":"Path 1","mn":"ADBE Vector Shape - Group","hd":false},{"ty":"fl","c":{"a":0,"k":[1,1,1,1],"ix":4},"o":{"a":0,"k":100,"ix":5},"r":1,"bm":0,"nm":"Fill 1","mn":"ADBE Vector Graphic - Fill","hd":false},{"ty":"tr","p":{"a":0,"k":[26.007,28.583],"ix":2},"a":{"a":0,"k":[0,0],"ix":1},"s":{"a":0,"k":[100,100],"ix":3},"r":{"a":0,"k":0,"ix":6},"o":{"a":0,"k":100,"ix":7},"sk":{"a":0,"k":0,"ix":4},"sa":{"a":0,"k":0,"ix":5},"nm":"Transform"}],"nm":"Group 1","np":2,"cix":2,"bm":0,"ix":1,"mn":"ADBE Vector Group","hd":false}],"ip":0,"op":90,"st":0,"bm":0},{"ddd":0,"ind":15,"ty":4,"nm":"l pupil Outlines","parent":16,"sr":1,"ks":{"o":{"a":0,"k":100,"ix":11},"r":{"a":0,"k":0,"ix":10},"p":{"a":1,"k":[{"i":{"x":0.25,"y":1},"o":{"x":0.167,"y":0},"t":30,"s":[26.007,28.25,0],"to":[0,1.25,0],"ti":[0,-1.25,0]},{"i":{"x":0.25,"y":0.25},"o":{"x":0.167,"y":0.167},"t":45,"s":[26.007,35.75,0],"to":[0,0,0],"ti":[0,0,0]},{"i":{"x":0.833,"y":1},"o":{"x":0.167,"y":0},"t":65,"s":[26.007,35.75,0],"to":[0,-1.25,0],"ti":[0,1.25,0]},{"t":75,"s":[26.007,28.25,0]}],"ix":2},"a":{"a":0,"k":[17.422,19.997,0],"ix":1},"s":{"a":0,"k":[100,100,100],"ix":6}},"ao":0,"shapes":[{"ty":"gr","it":[{"ind":0,"ty":"sh","ix":1,"ks":{"a":0,"k":{"i":[[0,-4.742],[4.741,0],[0,4.742],[-4.742,0]],"o":[[0,4.742],[-4.742,0],[0,-4.742],[4.741,0]],"v":[[8.586,-0.001],[0.001,8.586],[-8.586,-0.001],[0.001,-8.586]],"c":true},"ix":2},"nm":"Path 1","mn":"ADBE Vector Shape - Group","hd":false},{"ty":"fl","c":{"a":0,"k":[1,1,1,1],"ix":4},"o":{"a":0,"k":100,"ix":5},"r":1,"bm":0,"nm":"Fill 1","mn":"ADBE Vector Graphic - Fill","hd":false},{"ty":"tr","p":{"a":0,"k":[8.836,8.836],"ix":2},"a":{"a":0,"k":[0,0],"ix":1},"s":{"a":0,"k":[100,100],"ix":3},"r":{"a":0,"k":0,"ix":6},"o":{"a":0,"k":100,"ix":7},"sk":{"a":0,"k":0,"ix":4},"sa":{"a":0,"k":0,"ix":5},"nm":"Transform"}],"nm":"Group 1","np":2,"cix":2,"bm":0,"ix":1,"mn":"ADBE Vector Group","hd":false},{"ty":"gr","it":[{"ind":0,"ty":"sh","ix":1,"ks":{"a":0,"k":{"i":[[0,-10.432],[9.483,0],[0,10.432],[-9.484,0]],"o":[[0,10.432],[-9.484,0],[0,-10.432],[9.483,0]],"v":[[17.172,0],[0.001,18.888],[-17.172,0],[0.001,-18.888]],"c":true},"ix":2},"nm":"Path 1","mn":"ADBE Vector Shape - Group","hd":false},{"ty":"fl","c":{"a":0,"k":[0.081999999402,0.054999998504,0.075,1],"ix":4},"o":{"a":0,"k":100,"ix":5},"r":1,"bm":0,"nm":"Fill 1","mn":"ADBE Vector Graphic - Fill","hd":false},{"ty":"tr","p":{"a":0,"k":[17.422,20.855],"ix":2},"a":{"a":0,"k":[0,0],"ix":1},"s":{"a":0,"k":[100,100],"ix":3},"r":{"a":0,"k":0,"ix":6},"o":{"a":0,"k":100,"ix":7},"sk":{"a":0,"k":0,"ix":4},"sa":{"a":0,"k":0,"ix":5},"nm":"Transform"}],"nm":"Group 2","np":2,"cix":2,"bm":0,"ix":2,"mn":"ADBE Vector Group","hd":false}],"ip":0,"op":90,"st":0,"bm":0},{"ddd":0,"ind":16,"ty":4,"nm":"l eye Outlines","parent":9,"sr":1,"ks":{"o":{"a":0,"k":100,"ix":11},"r":{"a":0,"k":0,"ix":10},"p":{"a":0,"k":[-76.894,-0.722,0],"ix":2},"a":{"a":0,"k":[26.007,28.583,0],"ix":1},"s":{"a":0,"k":[208.333,208.333,100],"ix":6}},"ao":0,"shapes":[{"ty":"gr","it":[{"ind":0,"ty":"sh","ix":1,"ks":{"a":0,"k":{"i":[[0,-15.648],[14.225,0],[0,15.647],[-14.225,0]],"o":[[0,15.647],[-14.225,0],[0,-15.648],[14.225,0]],"v":[[25.757,0],[0,28.333],[-25.757,0],[0,-28.333]],"c":true},"ix":2},"nm":"Path 1","mn":"ADBE Vector Shape - Group","hd":false},{"ty":"fl","c":{"a":0,"k":[1,1,1,1],"ix":4},"o":{"a":0,"k":100,"ix":5},"r":1,"bm":0,"nm":"Fill 1","mn":"ADBE Vector Graphic - Fill","hd":false},{"ty":"tr","p":{"a":0,"k":[26.007,28.583],"ix":2},"a":{"a":0,"k":[0,0],"ix":1},"s":{"a":0,"k":[100,100],"ix":3},"r":{"a":0,"k":0,"ix":6},"o":{"a":0,"k":100,"ix":7},"sk":{"a":0,"k":0,"ix":4},"sa":{"a":0,"k":0,"ix":5},"nm":"Transform"}],"nm":"Group 1","np":2,"cix":2,"bm":0,"ix":1,"mn":"ADBE Vector Group","hd":false}],"ip":0,"op":90,"st":0,"bm":0},{"ddd":0,"ind":17,"ty":4,"nm":"r ear Outlines","parent":20,"sr":1,"ks":{"o":{"a":0,"k":100,"ix":11},"r":{"a":0,"k":0,"ix":10},"p":{"a":0,"k":[240.656,30.173,0],"ix":2},"a":{"a":0,"k":[35.46,44.768,0],"ix":1},"s":{"a":0,"k":[100,100,100],"ix":6}},"ao":0,"shapes":[{"ty":"gr","it":[{"ind":0,"ty":"sh","ix":1,"ks":{"a":0,"k":{"i":[[0,0],[-12.02,-3.434],[5.151,-10.302]],"o":[[0,0],[12.02,3.434],[0,0]],"v":[[-38.635,-10.303],[26.615,-39.493],[21.464,42.928]],"c":false},"ix":2},"nm":"Path 1","mn":"ADBE Vector Shape - Group","hd":false},{"ty":"fl","c":{"a":0,"k":[1,0.670999983245,0.349000010771,1],"ix":4},"o":{"a":0,"k":100,"ix":5},"r":1,"bm":0,"nm":"Fill 1","mn":"ADBE Vector Graphic - Fill","hd":false},{"ty":"tr","p":{"a":0,"k":[38.885,43.178],"ix":2},"a":{"a":0,"k":[0,0],"ix":1},"s":{"a":0,"k":[100,100],"ix":3},"r":{"a":0,"k":0,"ix":6},"o":{"a":0,"k":100,"ix":7},"sk":{"a":0,"k":0,"ix":4},"sa":{"a":0,"k":0,"ix":5},"nm":"Transform"}],"nm":"Group 1","np":2,"cix":2,"bm":0,"ix":1,"mn":"ADBE Vector Group","hd":false}],"ip":0,"op":90,"st":0,"bm":0},{"ddd":0,"ind":18,"ty":4,"nm":"l ear Outlines","parent":20,"sr":1,"ks":{"o":{"a":0,"k":100,"ix":11},"r":{"a":0,"k":0,"ix":10},"p":{"a":0,"k":[48.338,30.173,0],"ix":2},"a":{"a":0,"k":[42.311,44.768,0],"ix":1},"s":{"a":0,"k":[100,100,100],"ix":6}},"ao":0,"shapes":[{"ty":"gr","it":[{"ind":0,"ty":"sh","ix":1,"ks":{"a":0,"k":{"i":[[0,0],[12.02,-3.434],[-5.151,-10.302]],"o":[[0,0],[-12.021,3.434],[0,0]],"v":[[38.635,-10.303],[-26.615,-39.493],[-21.464,42.928]],"c":false},"ix":2},"nm":"Path 1","mn":"ADBE Vector Shape - Group","hd":false},{"ty":"fl","c":{"a":0,"k":[1,0.670999983245,0.349000010771,1],"ix":4},"o":{"a":0,"k":100,"ix":5},"r":1,"bm":0,"nm":"Fill 1","mn":"ADBE Vector Graphic - Fill","hd":false},{"ty":"tr","p":{"a":0,"k":[38.885,43.178],"ix":2},"a":{"a":0,"k":[0,0],"ix":1},"s":{"a":0,"k":[100,100],"ix":3},"r":{"a":0,"k":0,"ix":6},"o":{"a":0,"k":100,"ix":7},"sk":{"a":0,"k":0,"ix":4},"sa":{"a":0,"k":0,"ix":5},"nm":"Transform"}],"nm":"Group 1","np":2,"cix":2,"bm":0,"ix":1,"mn":"ADBE Vector Group","hd":false}],"ip":0,"op":90,"st":0,"bm":0},{"ddd":0,"ind":19,"ty":4,"nm":"hair Outlines","parent":20,"sr":1,"ks":{"o":{"a":0,"k":100,"ix":11},"r":{"a":0,"k":0,"ix":10},"p":{"a":0,"k":[141.912,-4.275,0],"ix":2},"a":{"a":0,"k":[23.74,15.89,0],"ix":1},"s":{"a":0,"k":[100,100,100],"ix":6}},"ao":0,"shapes":[{"ty":"gr","it":[{"ind":0,"ty":"sh","ix":1,"ks":{"a":0,"k":{"i":[[0,0],[-10.894,2.575],[1.163,-5.958]],"o":[[0,0],[10.096,-2.386],[0,0]],"v":[[-2.308,12.624],[-0.952,-10.829],[10.684,13.215]],"c":false},"ix":2},"nm":"Path 1","mn":"ADBE Vector Shape - Group","hd":false},{"ty":"fl","c":{"a":0,"k":[1,0.670999983245,0.349000010771,1],"ix":4},"o":{"a":0,"k":100,"ix":5},"r":1,"bm":0,"nm":"Fill 1","mn":"ADBE Vector Graphic - Fill","hd":false},{"ty":"tr","p":{"a":0,"k":[30.032,14.659],"ix":2},"a":{"a":0,"k":[0,0],"ix":1},"s":{"a":0,"k":[100,100],"ix":3},"r":{"a":0,"k":0,"ix":6},"o":{"a":0,"k":100,"ix":7},"sk":{"a":0,"k":0,"ix":4},"sa":{"a":0,"k":0,"ix":5},"nm":"Transform"}],"nm":"Group 1","np":2,"cix":2,"bm":0,"ix":1,"mn":"ADBE Vector Group","hd":false},{"ty":"gr","it":[{"ind":0,"ty":"sh","ix":1,"ks":{"a":0,"k":{"i":[[0,0],[-9.444,6.01],[-0.859,-6.009]],"o":[[0,0],[8.752,-5.569],[0,0]],"v":[[0.429,13.946],[-4.722,-8.377],[14.166,10.511]],"c":false},"ix":2},"nm":"Path 1","mn":"ADBE Vector Shape - Group","hd":false},{"ty":"fl","c":{"a":0,"k":[1,0.670999983245,0.349000010771,1],"ix":4},"o":{"a":0,"k":100,"ix":5},"r":1,"bm":0,"nm":"Fill 1","mn":"ADBE Vector Graphic - Fill","hd":false},{"ty":"tr","p":{"a":0,"k":[14.416,14.196],"ix":2},"a":{"a":0,"k":[0,0],"ix":1},"s":{"a":0,"k":[100,100],"ix":3},"r":{"a":0,"k":0,"ix":6},"o":{"a":0,"k":100,"ix":7},"sk":{"a":0,"k":0,"ix":4},"sa":{"a":0,"k":0,"ix":5},"nm":"Transform"}],"nm":"Group 2","np":2,"cix":2,"bm":0,"ix":2,"mn":"ADBE Vector Group","hd":false}],"ip":0,"op":90,"st":0,"bm":0},{"ddd":0,"ind":20,"ty":4,"nm":"head Outlines","parent":21,"sr":1,"ks":{"o":{"a":0,"k":100,"ix":11},"r":{"a":0,"k":0,"ix":10},"p":{"a":0,"k":[104.259,58.546,0],"ix":2},"a":{"a":0,"k":[144.63,234.307,0],"ix":1},"s":{"a":0,"k":[100,100,100],"ix":6}},"ao":0,"shapes":[{"ty":"gr","it":[{"ind":0,"ty":"sh","ix":1,"ks":{"a":0,"k":{"i":[[0.66,-2.277],[3.644,1.057],[-0.661,2.277],[-3.644,-1.057]],"o":[[-0.661,2.277],[-3.644,-1.056],[0.66,-2.277],[3.643,1.057]],"v":[[6.597,1.913],[-1.196,4.122],[-6.596,-1.914],[1.196,-4.122]],"c":true},"ix":2},"nm":"Path 1","mn":"ADBE Vector Shape - Group","hd":false},{"ty":"fl","c":{"a":0,"k":[1,0.819999964097,0.638999968884,1],"ix":4},"o":{"a":0,"k":100,"ix":5},"r":1,"bm":0,"nm":"Fill 1","mn":"ADBE Vector Graphic - Fill","hd":false},{"ty":"tr","p":{"a":0,"k":[195.182,28.423],"ix":2},"a":{"a":0,"k":[0,0],"ix":1},"s":{"a":0,"k":[100,100],"ix":3},"r":{"a":0,"k":0,"ix":6},"o":{"a":0,"k":100,"ix":7},"sk":{"a":0,"k":0,"ix":4},"sa":{"a":0,"k":0,"ix":5},"nm":"Transform"}],"nm":"Group 1","np":2,"cix":2,"bm":0,"ix":1,"mn":"ADBE Vector Group","hd":false},{"ty":"gr","it":[{"ind":0,"ty":"sh","ix":1,"ks":{"a":0,"k":{"i":[[1.115,-3.846],[6.154,1.786],[-1.116,3.846],[-6.154,-1.784]],"o":[[-1.116,3.846],[-6.153,-1.784],[1.115,-3.846],[6.153,1.785]],"v":[[11.143,3.231],[-2.02,6.963],[-11.142,-3.232],[2.02,-6.965]],"c":true},"ix":2},"nm":"Path 1","mn":"ADBE Vector Shape - Group","hd":false},{"ty":"fl","c":{"a":0,"k":[1,0.819999964097,0.638999968884,1],"ix":4},"o":{"a":0,"k":100,"ix":5},"r":1,"bm":0,"nm":"Fill 1","mn":"ADBE Vector Graphic - Fill","hd":false},{"ty":"tr","p":{"a":0,"k":[174.576,19.838],"ix":2},"a":{"a":0,"k":[0,0],"ix":1},"s":{"a":0,"k":[100,100],"ix":3},"r":{"a":0,"k":0,"ix":6},"o":{"a":0,"k":100,"ix":7},"sk":{"a":0,"k":0,"ix":4},"sa":{"a":0,"k":0,"ix":5},"nm":"Transform"}],"nm":"Group 2","np":2,"cix":2,"bm":0,"ix":2,"mn":"ADBE Vector Group","hd":false},{"ty":"gr","it":[{"ind":0,"ty":"sh","ix":1,"ks":{"a":0,"k":{"i":[[0,-75.393],[79.186,0],[0,75.393],[-79.186,0]],"o":[[0,75.393],[-79.186,0],[0,-75.393],[79.186,0]],"v":[[143.38,15.454],[0,121.057],[-143.38,15.454],[0,-121.057]],"c":true},"ix":2},"nm":"Path 1","mn":"ADBE Vector Shape - Group","hd":false},{"ty":"fl","c":{"a":0,"k":[1,0.670999983245,0.349000010771,1],"ix":4},"o":{"a":0,"k":100,"ix":5},"r":1,"bm":0,"nm":"Fill 1","mn":"ADBE Vector Graphic - Fill","hd":false},{"ty":"tr","p":{"a":0,"k":[143.63,121.307],"ix":2},"a":{"a":0,"k":[0,0],"ix":1},"s":{"a":0,"k":[100,100],"ix":3},"r":{"a":0,"k":0,"ix":6},"o":{"a":0,"k":100,"ix":7},"sk":{"a":0,"k":0,"ix":4},"sa":{"a":0,"k":0,"ix":5},"nm":"Transform"}],"nm":"Group 3","np":2,"cix":2,"bm":0,"ix":3,"mn":"ADBE Vector Group","hd":false}],"ip":0,"op":90,"st":0,"bm":0},{"ddd":0,"ind":21,"ty":4,"nm":"body Outlines","sr":1,"ks":{"o":{"a":0,"k":100,"ix":11},"r":{"a":0,"k":0,"ix":10},"p":{"a":1,"k":[{"i":{"x":0.833,"y":0.722},"o":{"x":0.167,"y":0.167},"t":0,"s":[259.206,455.407,0],"to":[0,-0.149,0],"ti":[0,0.499,0]},{"i":{"x":0.833,"y":0.817},"o":{"x":0.167,"y":0.119},"t":1,"s":[259.206,454.51,0],"to":[0,-0.499,0],"ti":[0,0.768,0]},{"i":{"x":0.833,"y":0.847},"o":{"x":0.167,"y":0.153},"t":2,"s":[259.206,452.414,0],"to":[0,-0.768,0],"ti":[0,0.77,0]},{"i":{"x":0.833,"y":0.882},"o":{"x":0.167,"y":0.183},"t":3,"s":[259.206,449.901,0],"to":[0,-0.77,0],"ti":[0,0.499,0]},{"i":{"x":0.833,"y":0.851},"o":{"x":0.167,"y":0.281},"t":4,"s":[259.206,447.794,0],"to":[0,-0.499,0],"ti":[0,0.032,0]},{"i":{"x":0.833,"y":0.679},"o":{"x":0.167,"y":0.189},"t":5,"s":[259.206,446.907,0],"to":[0,-0.032,0],"ti":[0,-0.45,0]},{"i":{"x":0.833,"y":0.814},"o":{"x":0.167,"y":0.113},"t":6,"s":[259.206,447.603,0],"to":[0,0.45,0],"ti":[0,-0.744,0]},{"i":{"x":0.833,"y":0.844},"o":{"x":0.167,"y":0.151},"t":7,"s":[259.206,449.605,0],"to":[0,0.744,0],"ti":[0,-0.767,0]},{"i":{"x":0.833,"y":0.87},"o":{"x":0.167,"y":0.18},"t":8,"s":[259.206,452.069,0],"to":[0,0.767,0],"ti":[0,-0.556,0]},{"i":{"x":0.833,"y":0.867},"o":{"x":0.167,"y":0.231},"t":9,"s":[259.206,454.205,0],"to":[0,0.556,0],"ti":[0,-0.085,0]},{"i":{"x":0.833,"y":0.685},"o":{"x":0.167,"y":0.223},"t":10,"s":[259.206,455.407,0],"to":[0,0.085,0],"ti":[0,0.448,0]},{"i":{"x":0.833,"y":0.814},"o":{"x":0.167,"y":0.113},"t":11,"s":[259.206,454.715,0],"to":[0,-0.448,0],"ti":[0,0.744,0]},{"i":{"x":0.833,"y":0.844},"o":{"x":0.167,"y":0.151},"t":12,"s":[259.206,452.717,0],"to":[0,-0.744,0],"ti":[0,0.767,0]},{"i":{"x":0.833,"y":0.869},"o":{"x":0.167,"y":0.179},"t":13,"s":[259.206,450.253,0],"to":[0,-0.767,0],"ti":[0,0.558,0]},{"i":{"x":0.833,"y":0.867},"o":{"x":0.167,"y":0.23},"t":14,"s":[259.206,448.117,0],"to":[0,-0.558,0],"ti":[0,0.086,0]},{"i":{"x":0.833,"y":0.685},"o":{"x":0.167,"y":0.224},"t":15,"s":[259.206,446.907,0],"to":[0,-0.086,0],"ti":[0,-0.448,0]},{"i":{"x":0.833,"y":0.814},"o":{"x":0.167,"y":0.113},"t":16,"s":[259.206,447.598,0],"to":[0,0.448,0],"ti":[0,-0.744,0]},{"i":{"x":0.833,"y":0.844},"o":{"x":0.167,"y":0.151},"t":17,"s":[259.206,449.597,0],"to":[0,0.744,0],"ti":[0,-0.767,0]},{"i":{"x":0.833,"y":0.869},"o":{"x":0.167,"y":0.179},"t":18,"s":[259.206,452.061,0],"to":[0,0.767,0],"ti":[0,-0.558,0]},{"i":{"x":0.833,"y":0.867},"o":{"x":0.167,"y":0.23},"t":19,"s":[259.206,454.197,0],"to":[0,0.558,0],"ti":[0,-0.086,0]},{"i":{"x":0.833,"y":0.685},"o":{"x":0.167,"y":0.224},"t":20,"s":[259.206,455.407,0],"to":[0,0.086,0],"ti":[0,0.448,0]},{"i":{"x":0.833,"y":0.814},"o":{"x":0.167,"y":0.113},"t":21,"s":[259.206,454.715,0],"to":[0,-0.448,0],"ti":[0,0.744,0]},{"i":{"x":0.833,"y":0.844},"o":{"x":0.167,"y":0.151},"t":22,"s":[259.206,452.717,0],"to":[0,-0.744,0],"ti":[0,0.767,0]},{"i":{"x":0.833,"y":0.869},"o":{"x":0.167,"y":0.179},"t":23,"s":[259.206,450.253,0],"to":[0,-0.767,0],"ti":[0,0.558,0]},{"i":{"x":0.833,"y":0.881},"o":{"x":0.167,"y":0.23},"t":24,"s":[259.206,448.117,0],"to":[0,-0.558,0],"ti":[0,0.125,0]},{"i":{"x":0.833,"y":0.696},"o":{"x":0.167,"y":0.277},"t":25,"s":[259.206,446.907,0],"to":[0,-0.125,0],"ti":[0,-0.306,0]},{"i":{"x":0.833,"y":0.8},"o":{"x":0.167,"y":0.115},"t":26,"s":[259.206,447.365,0],"to":[0,0.306,0],"ti":[0,-0.551,0]},{"i":{"x":0.833,"y":0.819},"o":{"x":0.167,"y":0.143},"t":27,"s":[259.206,448.741,0],"to":[0,0.551,0],"ti":[0,-0.698,0]},{"i":{"x":0.833,"y":0.825},"o":{"x":0.167,"y":0.155},"t":28,"s":[259.206,450.673,0],"to":[0,0.698,0],"ti":[0,-0.789,0]},{"i":{"x":0.833,"y":0.847},"o":{"x":0.167,"y":0.159},"t":29,"s":[259.206,452.929,0],"to":[0,0.789,0],"ti":[0,-0.758,0]},{"i":{"x":0.833,"y":0.867},"o":{"x":0.167,"y":0.183},"t":30,"s":[259.206,455.407,0],"to":[0,0.758,0],"ti":[0,-0.551,0]},{"i":{"x":0.833,"y":0.89},"o":{"x":0.167,"y":0.222},"t":31,"s":[259.206,457.474,0],"to":[0,0.551,0],"ti":[0,-0.273,0]},{"i":{"x":0.833,"y":0.85},"o":{"x":0.167,"y":0.343},"t":32,"s":[259.206,458.712,0],"to":[0,0.273,0],"ti":[0,-0.014,0]},{"i":{"x":0.833,"y":0.704},"o":{"x":0.167,"y":0.188},"t":33,"s":[259.206,459.109,0],"to":[0,0.014,0],"ti":[0,0.187,0]},{"i":{"x":0.833,"y":0.808},"o":{"x":0.167,"y":0.116},"t":34,"s":[259.206,458.795,0],"to":[0,-0.187,0],"ti":[0,0.309,0]},{"i":{"x":0.833,"y":0.832},"o":{"x":0.167,"y":0.147},"t":35,"s":[259.206,457.989,0],"to":[0,-0.309,0],"ti":[0,0.351,0]},{"i":{"x":0.833,"y":0.847},"o":{"x":0.167,"y":0.166},"t":36,"s":[259.206,456.941,0],"to":[0,-0.351,0],"ti":[0,0.325,0]},{"i":{"x":0.833,"y":0.859},"o":{"x":0.167,"y":0.182},"t":37,"s":[259.206,455.882,0],"to":[0,-0.325,0],"ti":[0,0.25,0]},{"i":{"x":0.833,"y":0.876},"o":{"x":0.167,"y":0.204},"t":38,"s":[259.206,454.991,0],"to":[0,-0.25,0],"ti":[0,0.152,0]},{"i":{"x":0.833,"y":0.899},"o":{"x":0.167,"y":0.255},"t":39,"s":[259.206,454.379,0],"to":[0,-0.152,0],"ti":[0,0.051,0]},{"i":{"x":0.833,"y":0.636},"o":{"x":0.167,"y":0.468},"t":40,"s":[259.206,454.081,0],"to":[0,-0.051,0],"ti":[0,-0.035,0]},{"i":{"x":0.833,"y":0.781},"o":{"x":0.167,"y":0.108},"t":41,"s":[259.206,454.074,0],"to":[0,0.035,0],"ti":[0,-0.095,0]},{"i":{"x":0.833,"y":0.823},"o":{"x":0.167,"y":0.135},"t":42,"s":[259.206,454.292,0],"to":[0,0.095,0],"ti":[0,-0.125,0]},{"i":{"x":0.833,"y":0.84},"o":{"x":0.167,"y":0.157},"t":43,"s":[259.206,454.644,0],"to":[0,0.125,0],"ti":[0,-0.127,0]},{"i":{"x":0.833,"y":0.853},"o":{"x":0.167,"y":0.174},"t":44,"s":[259.206,455.042,0],"to":[0,0.127,0],"ti":[0,-0.108,0]},{"i":{"x":0.833,"y":0.867},"o":{"x":0.167,"y":0.192},"t":45,"s":[259.206,455.407,0],"to":[0,0.108,0],"ti":[0,-0.075,0]},{"i":{"x":0.833,"y":0.89},"o":{"x":0.167,"y":0.222},"t":46,"s":[259.206,455.687,0],"to":[0,0.075,0],"ti":[0,-0.037,0]},{"i":{"x":0.833,"y":0.85},"o":{"x":0.167,"y":0.343},"t":47,"s":[259.206,455.854,0],"to":[0,0.037,0],"ti":[0,-0.002,0]},{"i":{"x":0.833,"y":0.704},"o":{"x":0.167,"y":0.188},"t":48,"s":[259.206,455.908,0],"to":[0,0.002,0],"ti":[0,0.025,0]},{"i":{"x":0.833,"y":0.808},"o":{"x":0.167,"y":0.116},"t":49,"s":[259.206,455.865,0],"to":[0,-0.025,0],"ti":[0,0.042,0]},{"i":{"x":0.833,"y":0.832},"o":{"x":0.167,"y":0.147},"t":50,"s":[259.206,455.756,0],"to":[0,-0.042,0],"ti":[0,0.048,0]},{"i":{"x":0.833,"y":0.847},"o":{"x":0.167,"y":0.166},"t":51,"s":[259.206,455.614,0],"to":[0,-0.048,0],"ti":[0,0.044,0]},{"i":{"x":0.833,"y":0.859},"o":{"x":0.167,"y":0.182},"t":52,"s":[259.206,455.471,0],"to":[0,-0.044,0],"ti":[0,0.034,0]},{"i":{"x":0.833,"y":0.876},"o":{"x":0.167,"y":0.204},"t":53,"s":[259.206,455.351,0],"to":[0,-0.034,0],"ti":[0,0.021,0]},{"i":{"x":0.833,"y":0.899},"o":{"x":0.167,"y":0.255},"t":54,"s":[259.206,455.268,0],"to":[0,-0.021,0],"ti":[0,0.007,0]},{"i":{"x":0.833,"y":0.647},"o":{"x":0.167,"y":0.454},"t":55,"s":[259.206,455.227,0],"to":[0,-0.007,0],"ti":[0,-0.005,0]},{"i":{"x":0.833,"y":0.781},"o":{"x":0.167,"y":0.108},"t":56,"s":[259.206,455.226,0],"to":[0,0.005,0],"ti":[0,-0.013,0]},{"i":{"x":0.833,"y":0.823},"o":{"x":0.167,"y":0.135},"t":57,"s":[259.206,455.256,0],"to":[0,0.013,0],"ti":[0,-0.017,0]},{"i":{"x":0.833,"y":0.84},"o":{"x":0.167,"y":0.157},"t":58,"s":[259.206,455.304,0],"to":[0,0.017,0],"ti":[0,-0.017,0]},{"i":{"x":0.833,"y":0.853},"o":{"x":0.167,"y":0.174},"t":59,"s":[259.206,455.357,0],"to":[0,0.017,0],"ti":[0,-0.015,0]},{"i":{"x":0.833,"y":0.867},"o":{"x":0.167,"y":0.192},"t":60,"s":[259.206,455.407,0],"to":[0,0.015,0],"ti":[0,-0.01,0]},{"i":{"x":0.833,"y":0.89},"o":{"x":0.167,"y":0.222},"t":61,"s":[259.206,455.445,0],"to":[0,0.01,0],"ti":[0,-0.005,0]},{"i":{"x":0.833,"y":0.85},"o":{"x":0.167,"y":0.343},"t":62,"s":[259.206,455.467,0],"to":[0,0.005,0],"ti":[0,0,0]},{"i":{"x":0.833,"y":0.702},"o":{"x":0.167,"y":0.189},"t":63,"s":[259.206,455.475,0],"to":[0,0,0],"ti":[0,0.003,0]},{"i":{"x":0.833,"y":0.808},"o":{"x":0.167,"y":0.116},"t":64,"s":[259.206,455.469,0],"to":[0,-0.003,0],"ti":[0,0.006,0]},{"i":{"x":0.833,"y":0.832},"o":{"x":0.167,"y":0.147},"t":65,"s":[259.206,455.454,0],"to":[0,-0.006,0],"ti":[0,0.006,0]},{"i":{"x":0.833,"y":0.847},"o":{"x":0.167,"y":0.166},"t":66,"s":[259.206,455.435,0],"to":[0,-0.006,0],"ti":[0,0.006,0]},{"i":{"x":0.833,"y":0.859},"o":{"x":0.167,"y":0.182},"t":67,"s":[259.206,455.416,0],"to":[0,-0.006,0],"ti":[0,0.005,0]},{"i":{"x":0.833,"y":0.876},"o":{"x":0.167,"y":0.204},"t":68,"s":[259.206,455.399,0],"to":[0,-0.005,0],"ti":[0,0.003,0]},{"i":{"x":0.833,"y":0.899},"o":{"x":0.167,"y":0.255},"t":69,"s":[259.206,455.388,0],"to":[0,-0.003,0],"ti":[0,0.001,0]},{"i":{"x":0.833,"y":0.714},"o":{"x":0.167,"y":0.367},"t":70,"s":[259.206,455.383,0],"to":[0,-0.001,0],"ti":[0,-0.001,0]},{"i":{"x":0.833,"y":0.781},"o":{"x":0.167,"y":0.108},"t":71,"s":[259.206,455.382,0],"to":[0,0.001,0],"ti":[0,-0.002,0]},{"i":{"x":0.833,"y":0.823},"o":{"x":0.167,"y":0.135},"t":72,"s":[259.206,455.386,0],"to":[0,0.002,0],"ti":[0,-0.002,0]},{"i":{"x":0.833,"y":0.84},"o":{"x":0.167,"y":0.157},"t":73,"s":[259.206,455.393,0],"to":[0,0.002,0],"ti":[0,-0.002,0]},{"i":{"x":0.833,"y":0.853},"o":{"x":0.167,"y":0.174},"t":74,"s":[259.206,455.4,0],"to":[0,0.002,0],"ti":[0,-0.002,0]},{"i":{"x":0.833,"y":0.867},"o":{"x":0.167,"y":0.192},"t":75,"s":[259.206,455.407,0],"to":[0,0.002,0],"ti":[0,-0.001,0]},{"i":{"x":0.833,"y":0.89},"o":{"x":0.167,"y":0.222},"t":76,"s":[259.206,455.412,0],"to":[0,0.001,0],"ti":[0,-0.001,0]},{"i":{"x":0.833,"y":0.85},"o":{"x":0.167,"y":0.343},"t":77,"s":[259.206,455.415,0],"to":[0,0.001,0],"ti":[0,0,0]},{"i":{"x":0.833,"y":0.702},"o":{"x":0.167,"y":0.189},"t":78,"s":[259.206,455.416,0],"to":[0,0,0],"ti":[0,0,0]},{"i":{"x":0.833,"y":0.808},"o":{"x":0.167,"y":0.116},"t":79,"s":[259.206,455.415,0],"to":[0,0,0],"ti":[0,0.001,0]},{"i":{"x":0.833,"y":0.832},"o":{"x":0.167,"y":0.147},"t":80,"s":[259.206,455.413,0],"to":[0,-0.001,0],"ti":[0,0.001,0]},{"i":{"x":0.833,"y":0.847},"o":{"x":0.167,"y":0.166},"t":81,"s":[259.206,455.411,0],"to":[0,-0.001,0],"ti":[0,0.001,0]},{"i":{"x":0.833,"y":0.859},"o":{"x":0.167,"y":0.182},"t":82,"s":[259.206,455.408,0],"to":[0,-0.001,0],"ti":[0,0.001,0]},{"i":{"x":0.833,"y":0.876},"o":{"x":0.167,"y":0.204},"t":83,"s":[259.206,455.406,0],"to":[0,-0.001,0],"ti":[0,0,0]},{"i":{"x":0.833,"y":0.899},"o":{"x":0.167,"y":0.255},"t":84,"s":[259.206,455.404,0],"to":[0,0,0],"ti":[0,0,0]},{"i":{"x":0.953,"y":0},"o":{"x":0.037,"y":1},"t":85,"s":[259.206,455.404,0],"to":[0,0,0],"ti":[0,0,0]},{"i":{"x":0.833,"y":0.781},"o":{"x":0.167,"y":0.108},"t":86,"s":[259.206,455.404,0],"to":[0,0,0],"ti":[0,0,0]},{"i":{"x":0.833,"y":0.823},"o":{"x":0.167,"y":0.135},"t":87,"s":[259.206,455.404,0],"to":[0,0,0],"ti":[0,0,0]},{"i":{"x":0.833,"y":0.833},"o":{"x":0.167,"y":0.157},"t":88,"s":[259.206,455.405,0],"to":[0,0,0],"ti":[0,0,0]},{"t":89,"s":[259.206,455.406,0]}],"ix":2},"a":{"a":0,"k":[112.776,216.31,0],"ix":1},"s":{"a":1,"k":[{"i":{"x":[0.833,0.833,0.833],"y":[0.731,0.731,1]},"o":{"x":[0.167,0.167,0.167],"y":[0.167,0.167,0]},"t":0,"s":[100,100,100]},{"i":{"x":[0.833,0.833,0.833],"y":[0.811,0.811,1]},"o":{"x":[0.167,0.167,0.167],"y":[0.121,0.121,0]},"t":1,"s":[99.909,100.273,100]},{"i":{"x":[0.833,0.833,0.833],"y":[0.83,0.83,1]},"o":{"x":[0.167,0.167,0.167],"y":[0.149,0.149,0]},"t":2,"s":[99.706,100.881,100]},{"i":{"x":[0.833,0.833,0.833],"y":[0.86,0.86,1]},"o":{"x":[0.167,0.167,0.167],"y":[0.163,0.163,0]},"t":3,"s":[99.45,101.651,100]},{"i":{"x":[0.833,0.833,0.833],"y":[0.963,0.963,1]},"o":{"x":[0.167,0.167,0.167],"y":[0.206,0.206,0]},"t":4,"s":[99.182,102.455,100]},{"i":{"x":[0.833,0.833,0.833],"y":[0.737,0.737,1]},"o":{"x":[0.167,0.167,0.167],"y":[-0.065,-0.065,0]},"t":5,"s":[99,103,100]},{"i":{"x":[0.833,0.833,0.833],"y":[0.825,0.825,1]},"o":{"x":[0.167,0.167,0.167],"y":[0.122,0.122,0]},"t":6,"s":[99.102,102.694,100]},{"i":{"x":[0.833,0.833,0.833],"y":[0.842,0.842,1]},"o":{"x":[0.167,0.167,0.167],"y":[0.159,0.159,0]},"t":7,"s":[99.322,102.034,100]},{"i":{"x":[0.833,0.833,0.833],"y":[0.831,0.831,1]},"o":{"x":[0.167,0.167,0.167],"y":[0.177,0.177,0]},"t":8,"s":[99.563,101.31,100]},{"i":{"x":[0.833,0.833,0.833],"y":[0.942,0.942,1]},"o":{"x":[0.167,0.167,0.167],"y":[0.164,0.164,0]},"t":9,"s":[99.778,100.665,100]},{"i":{"x":[0.833,0.833,0.833],"y":[0.681,0.681,1]},"o":{"x":[0.167,0.167,0.167],"y":[-0.194,-0.194,0]},"t":10,"s":[100,100,100]},{"i":{"x":[0.833,0.833,0.833],"y":[0.805,0.805,1]},"o":{"x":[0.167,0.167,0.167],"y":[0.113,0.113,0]},"t":11,"s":[99.933,100.2,100]},{"i":{"x":[0.833,0.833,0.833],"y":[0.827,0.827,1]},"o":{"x":[0.167,0.167,0.167],"y":[0.146,0.146,0]},"t":12,"s":[99.745,100.765,100]},{"i":{"x":[0.833,0.833,0.833],"y":[0.849,0.849,1]},"o":{"x":[0.167,0.167,0.167],"y":[0.161,0.161,0]},"t":13,"s":[99.493,101.521,100]},{"i":{"x":[0.833,0.833,0.833],"y":[0.955,0.955,1]},"o":{"x":[0.167,0.167,0.167],"y":[0.186,0.186,0]},"t":14,"s":[99.221,102.336,100]},{"i":{"x":[0.833,0.833,0.833],"y":[0.737,0.737,1]},"o":{"x":[0.167,0.167,0.167],"y":[-0.098,-0.098,0]},"t":15,"s":[99,103,100]},{"i":{"x":[0.833,0.833,0.833],"y":[0.825,0.825,1]},"o":{"x":[0.167,0.167,0.167],"y":[0.122,0.122,0]},"t":16,"s":[99.102,102.694,100]},{"i":{"x":[0.833,0.833,0.833],"y":[0.842,0.842,1]},"o":{"x":[0.167,0.167,0.167],"y":[0.159,0.159,0]},"t":17,"s":[99.322,102.034,100]},{"i":{"x":[0.833,0.833,0.833],"y":[0.831,0.831,1]},"o":{"x":[0.167,0.167,0.167],"y":[0.177,0.177,0]},"t":18,"s":[99.563,101.31,100]},{"i":{"x":[0.833,0.833,0.833],"y":[0.942,0.942,1]},"o":{"x":[0.167,0.167,0.167],"y":[0.164,0.164,0]},"t":19,"s":[99.778,100.665,100]},{"i":{"x":[0.833,0.833,0.833],"y":[0.681,0.681,1]},"o":{"x":[0.167,0.167,0.167],"y":[-0.194,-0.194,0]},"t":20,"s":[100,100,100]},{"i":{"x":[0.833,0.833,0.833],"y":[0.805,0.805,1]},"o":{"x":[0.167,0.167,0.167],"y":[0.113,0.113,0]},"t":21,"s":[99.933,100.2,100]},{"i":{"x":[0.833,0.833,0.833],"y":[0.827,0.827,1]},"o":{"x":[0.167,0.167,0.167],"y":[0.146,0.146,0]},"t":22,"s":[99.745,100.765,100]},{"i":{"x":[0.833,0.833,0.833],"y":[0.849,0.849,1]},"o":{"x":[0.167,0.167,0.167],"y":[0.161,0.161,0]},"t":23,"s":[99.493,101.521,100]},{"i":{"x":[0.833,0.833,0.833],"y":[0.936,0.936,1]},"o":{"x":[0.167,0.167,0.167],"y":[0.186,0.186,0]},"t":24,"s":[99.221,102.336,100]},{"i":{"x":[0.833,0.833,0.833],"y":[0.665,0.665,1]},"o":{"x":[0.167,0.167,0.167],"y":[-0.284,-0.284,0]},"t":25,"s":[99,103,100]},{"i":{"x":[0.833,0.833,0.833],"y":[0.804,0.804,1]},"o":{"x":[0.167,0.167,0.167],"y":[0.111,0.111,0]},"t":26,"s":[99.05,102.849,100]},{"i":{"x":[0.833,0.833,0.833],"y":[0.819,0.819,1]},"o":{"x":[0.167,0.167,0.167],"y":[0.145,0.145,0]},"t":27,"s":[99.202,102.395,100]},{"i":{"x":[0.833,0.833,0.833],"y":[0.794,0.794,1]},"o":{"x":[0.167,0.167,0.167],"y":[0.154,0.154,0]},"t":28,"s":[99.406,101.782,100]},{"i":{"x":[0.833,0.833,0.833],"y":[0.864,0.864,1]},"o":{"x":[0.167,0.167,0.167],"y":[0.14,0.14,0]},"t":29,"s":[99.646,101.061,100]},{"i":{"x":[0.833,0.833,0.833],"y":[0.867,0.867,1]},"o":{"x":[0.167,0.167,0.167],"y":[0.214,0.214,0]},"t":30,"s":[100,100,100]},{"i":{"x":[0.833,0.833,0.833],"y":[0.89,0.89,1]},"o":{"x":[0.167,0.167,0.167],"y":[0.222,0.222,0]},"t":31,"s":[100.226,99.323,100]},{"i":{"x":[0.833,0.833,0.833],"y":[0.983,0.983,1]},"o":{"x":[0.167,0.167,0.167],"y":[0.343,0.343,0]},"t":32,"s":[100.361,98.918,100]},{"i":{"x":[0.833,0.833,0.833],"y":[0.703,0.703,1]},"o":{"x":[0.167,0.167,0.167],"y":[-0.022,-0.022,0]},"t":33,"s":[100.404,98.788,100]},{"i":{"x":[0.833,0.833,0.833],"y":[0.808,0.808,1]},"o":{"x":[0.167,0.167,0.167],"y":[0.116,0.116,0]},"t":34,"s":[100.37,98.891,100]},{"i":{"x":[0.833,0.833,0.833],"y":[0.832,0.832,1]},"o":{"x":[0.167,0.167,0.167],"y":[0.147,0.147,0]},"t":35,"s":[100.282,99.155,100]},{"i":{"x":[0.833,0.833,0.833],"y":[0.847,0.847,1]},"o":{"x":[0.167,0.167,0.167],"y":[0.166,0.166,0]},"t":36,"s":[100.167,99.498,100]},{"i":{"x":[0.833,0.833,0.833],"y":[0.859,0.859,1]},"o":{"x":[0.167,0.167,0.167],"y":[0.182,0.182,0]},"t":37,"s":[100.052,99.845,100]},{"i":{"x":[0.833,0.833,0.833],"y":[0.876,0.876,1]},"o":{"x":[0.167,0.167,0.167],"y":[0.204,0.204,0]},"t":38,"s":[99.955,100.136,100]},{"i":{"x":[0.833,0.833,0.833],"y":[0.915,0.915,1]},"o":{"x":[0.167,0.167,0.167],"y":[0.255,0.255,0]},"t":39,"s":[99.888,100.337,100]},{"i":{"x":[0.833,0.833,0.833],"y":[3.634,3.634,1]},"o":{"x":[0.167,0.167,0.167],"y":[3.804,3.804,0]},"t":40,"s":[99.855,100.434,100]},{"i":{"x":[0.833,0.833,0.833],"y":[0.781,0.781,1]},"o":{"x":[0.167,0.167,0.167],"y":[0.081,0.081,0]},"t":41,"s":[99.855,100.436,100]},{"i":{"x":[0.833,0.833,0.833],"y":[0.823,0.823,1]},"o":{"x":[0.167,0.167,0.167],"y":[0.135,0.135,0]},"t":42,"s":[99.878,100.365,100]},{"i":{"x":[0.833,0.833,0.833],"y":[0.84,0.84,1]},"o":{"x":[0.167,0.167,0.167],"y":[0.157,0.157,0]},"t":43,"s":[99.917,100.25,100]},{"i":{"x":[0.833,0.833,0.833],"y":[0.853,0.853,1]},"o":{"x":[0.167,0.167,0.167],"y":[0.174,0.174,0]},"t":44,"s":[99.96,100.12,100]},{"i":{"x":[0.833,0.833,0.833],"y":[0.867,0.867,1]},"o":{"x":[0.167,0.167,0.167],"y":[0.192,0.192,0]},"t":45,"s":[100,100,100]},{"i":{"x":[0.833,0.833,0.833],"y":[0.89,0.89,1]},"o":{"x":[0.167,0.167,0.167],"y":[0.222,0.222,0]},"t":46,"s":[100.031,99.908,100]},{"i":{"x":[0.833,0.833,0.833],"y":[0.983,0.983,1]},"o":{"x":[0.167,0.167,0.167],"y":[0.343,0.343,0]},"t":47,"s":[100.049,99.854,100]},{"i":{"x":[0.833,0.833,0.833],"y":[0.703,0.703,1]},"o":{"x":[0.167,0.167,0.167],"y":[-0.022,-0.022,0]},"t":48,"s":[100.055,99.836,100]},{"i":{"x":[0.833,0.833,0.833],"y":[0.808,0.808,1]},"o":{"x":[0.167,0.167,0.167],"y":[0.116,0.116,0]},"t":49,"s":[100.05,99.85,100]},{"i":{"x":[0.833,0.833,0.833],"y":[0.832,0.832,1]},"o":{"x":[0.167,0.167,0.167],"y":[0.147,0.147,0]},"t":50,"s":[100.038,99.886,100]},{"i":{"x":[0.833,0.833,0.833],"y":[0.847,0.847,1]},"o":{"x":[0.167,0.167,0.167],"y":[0.166,0.166,0]},"t":51,"s":[100.023,99.932,100]},{"i":{"x":[0.833,0.833,0.833],"y":[0.859,0.859,1]},"o":{"x":[0.167,0.167,0.167],"y":[0.182,0.182,0]},"t":52,"s":[100.007,99.979,100]},{"i":{"x":[0.833,0.833,0.833],"y":[0.876,0.876,1]},"o":{"x":[0.167,0.167,0.167],"y":[0.204,0.204,0]},"t":53,"s":[99.994,100.018,100]},{"i":{"x":[0.833,0.833,0.833],"y":[0.915,0.915,1]},"o":{"x":[0.167,0.167,0.167],"y":[0.255,0.255,0]},"t":54,"s":[99.985,100.046,100]},{"i":{"x":[0.833,0.833,0.833],"y":[3.634,3.634,1]},"o":{"x":[0.167,0.167,0.167],"y":[3.804,3.804,0]},"t":55,"s":[99.98,100.059,100]},{"i":{"x":[0.833,0.833,0.833],"y":[0.781,0.781,1]},"o":{"x":[0.167,0.167,0.167],"y":[0.081,0.081,0]},"t":56,"s":[99.98,100.059,100]},{"i":{"x":[0.833,0.833,0.833],"y":[0.823,0.823,1]},"o":{"x":[0.167,0.167,0.167],"y":[0.135,0.135,0]},"t":57,"s":[99.984,100.049,100]},{"i":{"x":[0.833,0.833,0.833],"y":[0.84,0.84,1]},"o":{"x":[0.167,0.167,0.167],"y":[0.157,0.157,0]},"t":58,"s":[99.989,100.034,100]},{"i":{"x":[0.833,0.833,0.833],"y":[0.853,0.853,1]},"o":{"x":[0.167,0.167,0.167],"y":[0.174,0.174,0]},"t":59,"s":[99.995,100.016,100]},{"i":{"x":[0.833,0.833,0.833],"y":[0.867,0.867,1]},"o":{"x":[0.167,0.167,0.167],"y":[0.192,0.192,0]},"t":60,"s":[100,100,100]},{"i":{"x":[0.833,0.833,0.833],"y":[0.89,0.89,1]},"o":{"x":[0.167,0.167,0.167],"y":[0.222,0.222,0]},"t":61,"s":[100.004,99.988,100]},{"i":{"x":[0.833,0.833,0.833],"y":[0.983,0.983,1]},"o":{"x":[0.167,0.167,0.167],"y":[0.343,0.343,0]},"t":62,"s":[100.007,99.98,100]},{"i":{"x":[0.833,0.833,0.833],"y":[0.703,0.703,1]},"o":{"x":[0.167,0.167,0.167],"y":[-0.022,-0.022,0]},"t":63,"s":[100.007,99.978,100]},{"i":{"x":[0.833,0.833,0.833],"y":[0.808,0.808,1]},"o":{"x":[0.167,0.167,0.167],"y":[0.116,0.116,0]},"t":64,"s":[100.007,99.98,100]},{"i":{"x":[0.833,0.833,0.833],"y":[0.832,0.832,1]},"o":{"x":[0.167,0.167,0.167],"y":[0.147,0.147,0]},"t":65,"s":[100.005,99.985,100]},{"i":{"x":[0.833,0.833,0.833],"y":[0.847,0.847,1]},"o":{"x":[0.167,0.167,0.167],"y":[0.166,0.166,0]},"t":66,"s":[100.003,99.991,100]},{"i":{"x":[0.833,0.833,0.833],"y":[0.859,0.859,1]},"o":{"x":[0.167,0.167,0.167],"y":[0.182,0.182,0]},"t":67,"s":[100.001,99.997,100]},{"i":{"x":[0.833,0.833,0.833],"y":[0.876,0.876,1]},"o":{"x":[0.167,0.167,0.167],"y":[0.204,0.204,0]},"t":68,"s":[99.999,100.002,100]},{"i":{"x":[0.833,0.833,0.833],"y":[0.915,0.915,1]},"o":{"x":[0.167,0.167,0.167],"y":[0.255,0.255,0]},"t":69,"s":[99.998,100.006,100]},{"i":{"x":[0.833,0.833,0.833],"y":[3.634,3.634,1]},"o":{"x":[0.167,0.167,0.167],"y":[3.804,3.804,0]},"t":70,"s":[99.997,100.008,100]},{"i":{"x":[0.833,0.833,0.833],"y":[0.781,0.781,1]},"o":{"x":[0.167,0.167,0.167],"y":[0.081,0.081,0]},"t":71,"s":[99.997,100.008,100]},{"i":{"x":[0.833,0.833,0.833],"y":[0.823,0.823,1]},"o":{"x":[0.167,0.167,0.167],"y":[0.135,0.135,0]},"t":72,"s":[99.998,100.007,100]},{"i":{"x":[0.833,0.833,0.833],"y":[0.84,0.84,1]},"o":{"x":[0.167,0.167,0.167],"y":[0.157,0.157,0]},"t":73,"s":[99.998,100.005,100]},{"i":{"x":[0.833,0.833,0.833],"y":[0.853,0.853,1]},"o":{"x":[0.167,0.167,0.167],"y":[0.174,0.174,0]},"t":74,"s":[99.999,100.002,100]},{"i":{"x":[0.833,0.833,0.833],"y":[0.867,0.867,1]},"o":{"x":[0.167,0.167,0.167],"y":[0.192,0.192,0]},"t":75,"s":[100,100,100]},{"i":{"x":[0.833,0.833,0.833],"y":[0.89,0.89,1]},"o":{"x":[0.167,0.167,0.167],"y":[0.222,0.222,0]},"t":76,"s":[100.001,99.998,100]},{"i":{"x":[0.833,0.833,0.833],"y":[0.983,0.983,1]},"o":{"x":[0.167,0.167,0.167],"y":[0.343,0.343,0]},"t":77,"s":[100.001,99.997,100]},{"i":{"x":[0.833,0.833,0.833],"y":[0.703,0.703,1]},"o":{"x":[0.167,0.167,0.167],"y":[-0.022,-0.022,0]},"t":78,"s":[100.001,99.997,100]},{"i":{"x":[0.833,0.833,0.833],"y":[0.808,0.808,1]},"o":{"x":[0.167,0.167,0.167],"y":[0.116,0.116,0]},"t":79,"s":[100.001,99.997,100]},{"i":{"x":[0.833,0.833,0.833],"y":[0.832,0.832,1]},"o":{"x":[0.167,0.167,0.167],"y":[0.147,0.147,0]},"t":80,"s":[100.001,99.998,100]},{"i":{"x":[0.833,0.833,0.833],"y":[0.847,0.847,1]},"o":{"x":[0.167,0.167,0.167],"y":[0.166,0.166,0]},"t":81,"s":[100,99.999,100]},{"i":{"x":[0.833,0.833,0.833],"y":[0.859,0.859,1]},"o":{"x":[0.167,0.167,0.167],"y":[0.182,0.182,0]},"t":82,"s":[100,100,100]},{"i":{"x":[0.833,0.833,0.833],"y":[0.876,0.876,1]},"o":{"x":[0.167,0.167,0.167],"y":[0.204,0.204,0]},"t":83,"s":[100,100,100]},{"i":{"x":[0.833,0.833,0.833],"y":[0.915,0.915,1]},"o":{"x":[0.167,0.167,0.167],"y":[0.255,0.255,0]},"t":84,"s":[100,100.001,100]},{"i":{"x":[0.833,0.833,0.833],"y":[3.634,3.634,1]},"o":{"x":[0.167,0.167,0.167],"y":[3.804,3.804,0]},"t":85,"s":[100,100.001,100]},{"i":{"x":[0.833,0.833,0.833],"y":[0.781,0.781,1]},"o":{"x":[0.167,0.167,0.167],"y":[0.081,0.081,0]},"t":86,"s":[100,100.001,100]},{"i":{"x":[0.833,0.833,0.833],"y":[0.823,0.823,1]},"o":{"x":[0.167,0.167,0.167],"y":[0.135,0.135,0]},"t":87,"s":[100,100.001,100]},{"i":{"x":[0.833,0.833,0.833],"y":[0.833,0.833,1]},"o":{"x":[0.167,0.167,0.167],"y":[0.157,0.157,0]},"t":88,"s":[100,100.001,100]},{"t":89,"s":[100,100,100]}],"ix":6}},"ao":0,"shapes":[{"ty":"gr","it":[{"ind":0,"ty":"sh","ix":1,"ks":{"a":0,"k":{"i":[[0,-58.298],[59.384,0],[0,58.299],[-59.386,0]],"o":[[0,58.299],[-59.386,0],[0,-58.298],[59.384,0]],"v":[[107.525,-0.001],[0,105.559],[-107.525,-0.001],[0,-105.559]],"c":true},"ix":2},"nm":"Path 1","mn":"ADBE Vector Shape - Group","hd":false},{"ty":"fl","c":{"a":0,"k":[1,0.670999983245,0.349000010771,1],"ix":4},"o":{"a":0,"k":100,"ix":5},"r":1,"bm":0,"nm":"Fill 1","mn":"ADBE Vector Graphic - Fill","hd":false},{"ty":"tr","p":{"a":0,"k":[107.776,105.81],"ix":2},"a":{"a":0,"k":[0,0],"ix":1},"s":{"a":0,"k":[100,100],"ix":3},"r":{"a":0,"k":0,"ix":6},"o":{"a":0,"k":100,"ix":7},"sk":{"a":0,"k":0,"ix":4},"sa":{"a":0,"k":0,"ix":5},"nm":"Transform"}],"nm":"Group 1","np":2,"cix":2,"bm":0,"ix":1,"mn":"ADBE Vector Group","hd":false}],"ip":0,"op":90,"st":0,"bm":0},{"ddd":0,"ind":41,"ty":4,"nm":"heart Outlines 2","sr":1,"ks":{"o":{"a":0,"k":100,"ix":11},"r":{"a":1,"k":[{"i":{"x":[0.833],"y":[1]},"o":{"x":[0.333],"y":[0]},"t":40,"s":[-60.948]},{"i":{"x":[0.662],"y":[6.226]},"o":{"x":[0.157],"y":[0]},"t":50,"s":[-14.283]},{"t":64,"s":[-17.182]}],"ix":10},"p":{"a":1,"k":[{"i":{"x":0.833,"y":1},"o":{"x":0.167,"y":0},"t":40,"s":[166.087,338.736,0],"to":[-115.25,-60.833,0],"ti":[56.25,131.333,0]},{"t":64,"s":[38.087,36.236,0]}],"ix":2},"a":{"a":0,"k":[17.677,16.589,0],"ix":1},"s":{"a":1,"k":[{"i":{"x":[0.833,0.833,0.833],"y":[1,1,1]},"o":{"x":[0.167,0.167,0.167],"y":[0,0,0]},"t":59,"s":[100,100,100]},{"t":64,"s":[0,0,100]}],"ix":6}},"ao":0,"shapes":[{"ty":"gr","it":[{"ind":0,"ty":"sh","ix":1,"ks":{"a":0,"k":{"i":[[0.351,-1.746],[0,-0.002],[2.099,-2.786],[2.867,-2.06],[1.439,-0.77],[0.358,-0.172],[0.105,0.055],[0.082,0.044],[0.506,0.313],[1.439,1.224],[0.992,1.069],[0.005,0.004],[0,0],[0,0],[0.013,0.014],[0.006,0.005],[1.145,1.945],[0.031,0.054],[0.009,3.493],[-0.825,1.544],[-1.353,0.803],[-1.62,0.001],[-1.356,-0.601],[-0.9,-1.628],[-0.016,0.021],[-0.178,0.203],[-0.436,0.347],[-1.218,0.349],[-1.621,-0.395],[-0.767,-0.445],[-0.574,-0.541],[-0.382,-1.665]],"o":[[0,0.002],[-0.693,3.447],[-2.127,2.826],[-1.325,0.952],[-0.35,0.188],[-0.103,0.051],[-0.084,-0.043],[-0.523,-0.283],[-1.602,-0.993],[-1.113,-0.946],[-0.004,-0.005],[0,0],[0,0],[-0.012,-0.013],[-0.004,-0.005],[-1.525,-1.66],[-0.031,-0.053],[-1.734,-2.985],[-0.005,-1.738],[0.747,-1.398],[1.39,-0.821],[1.48,-0.002],[1.672,0.741],[0.023,0.001],[0.155,-0.22],[0.368,-0.417],[0.991,-0.788],[1.594,-0.459],[0.853,0.206],[0.693,0.402],[1.246,1.18],[0.401,1.742]],"v":[[17.086,-3.74],[17.085,-3.734],[12.526,5.719],[4.93,13.061],[0.781,15.656],[-0.281,16.199],[-0.626,16.303],[-0.875,16.17],[-2.417,15.273],[-6.992,11.941],[-10.154,8.915],[-10.168,8.9],[-10.199,8.864],[-10.202,8.863],[-10.24,8.821],[-10.255,8.807],[-14.29,3.391],[-14.384,3.23],[-17.479,-6.65],[-16.316,-11.742],[-13.012,-15.053],[-8.471,-16.356],[-4.156,-15.485],[0.061,-11.826],[0.228,-12.074],[0.732,-12.708],[1.94,-13.855],[5.293,-15.58],[10.336,-15.766],[12.783,-14.77],[14.691,-13.343],[17.082,-9.044]],"c":true},"ix":2},"nm":"Path 1","mn":"ADBE Vector Shape - Group","hd":false},{"ty":"fl","c":{"a":0,"k":[0.929000016755,0.277999997606,0.238999998803,1],"ix":4},"o":{"a":0,"k":100,"ix":5},"r":1,"bm":0,"nm":"Fill 1","mn":"ADBE Vector Graphic - Fill","hd":false},{"ty":"tr","p":{"a":0,"k":[17.733,16.608],"ix":2},"a":{"a":0,"k":[0,0],"ix":1},"s":{"a":0,"k":[100,100],"ix":3},"r":{"a":0,"k":0,"ix":6},"o":{"a":0,"k":100,"ix":7},"sk":{"a":0,"k":0,"ix":4},"sa":{"a":0,"k":0,"ix":5},"nm":"Transform"}],"nm":"Group 1","np":2,"cix":2,"bm":0,"ix":1,"mn":"ADBE Vector Group","hd":false}],"ip":40,"op":65,"st":2,"bm":0},{"ddd":0,"ind":42,"ty":4,"nm":"heart Outlines 3","sr":1,"ks":{"o":{"a":0,"k":100,"ix":11},"r":{"a":1,"k":[{"i":{"x":[0.833],"y":[1]},"o":{"x":[0.333],"y":[0]},"t":50,"s":[33.597]},{"i":{"x":[0.662],"y":[0.938]},"o":{"x":[0.157],"y":[0]},"t":60,"s":[33.335]},{"t":74,"s":[-1.013]}],"ix":10},"p":{"a":1,"k":[{"i":{"x":0.833,"y":1},"o":{"x":0.167,"y":0},"t":50,"s":[354.587,368.236,0],"to":[24.75,-79.333,0],"ti":[-4.75,198.833,0]},{"t":74,"s":[470.587,39.736,0]}],"ix":2},"a":{"a":0,"k":[17.677,16.589,0],"ix":1},"s":{"a":1,"k":[{"i":{"x":[0.833,0.833,0.833],"y":[1,1,1]},"o":{"x":[0.167,0.167,0.167],"y":[0,0,0]},"t":69,"s":[100,100,100]},{"t":74,"s":[0,0,100]}],"ix":6}},"ao":0,"shapes":[{"ty":"gr","it":[{"ind":0,"ty":"sh","ix":1,"ks":{"a":0,"k":{"i":[[0.351,-1.746],[0,-0.002],[2.099,-2.786],[2.867,-2.06],[1.439,-0.77],[0.358,-0.172],[0.105,0.055],[0.082,0.044],[0.506,0.313],[1.439,1.224],[0.992,1.069],[0.005,0.004],[0,0],[0,0],[0.013,0.014],[0.006,0.005],[1.145,1.945],[0.031,0.054],[0.009,3.493],[-0.825,1.544],[-1.353,0.803],[-1.62,0.001],[-1.356,-0.601],[-0.9,-1.628],[-0.016,0.021],[-0.178,0.203],[-0.436,0.347],[-1.218,0.349],[-1.621,-0.395],[-0.767,-0.445],[-0.574,-0.541],[-0.382,-1.665]],"o":[[0,0.002],[-0.693,3.447],[-2.127,2.826],[-1.325,0.952],[-0.35,0.188],[-0.103,0.051],[-0.084,-0.043],[-0.523,-0.283],[-1.602,-0.993],[-1.113,-0.946],[-0.004,-0.005],[0,0],[0,0],[-0.012,-0.013],[-0.004,-0.005],[-1.525,-1.66],[-0.031,-0.053],[-1.734,-2.985],[-0.005,-1.738],[0.747,-1.398],[1.39,-0.821],[1.48,-0.002],[1.672,0.741],[0.023,0.001],[0.155,-0.22],[0.368,-0.417],[0.991,-0.788],[1.594,-0.459],[0.853,0.206],[0.693,0.402],[1.246,1.18],[0.401,1.742]],"v":[[17.086,-3.74],[17.085,-3.734],[12.526,5.719],[4.93,13.061],[0.781,15.656],[-0.281,16.199],[-0.626,16.303],[-0.875,16.17],[-2.417,15.273],[-6.992,11.941],[-10.154,8.915],[-10.168,8.9],[-10.199,8.864],[-10.202,8.863],[-10.24,8.821],[-10.255,8.807],[-14.29,3.391],[-14.384,3.23],[-17.479,-6.65],[-16.316,-11.742],[-13.012,-15.053],[-8.471,-16.356],[-4.156,-15.485],[0.061,-11.826],[0.228,-12.074],[0.732,-12.708],[1.94,-13.855],[5.293,-15.58],[10.336,-15.766],[12.783,-14.77],[14.691,-13.343],[17.082,-9.044]],"c":true},"ix":2},"nm":"Path 1","mn":"ADBE Vector Shape - Group","hd":false},{"ty":"fl","c":{"a":0,"k":[0.929000016755,0.277999997606,0.238999998803,1],"ix":4},"o":{"a":0,"k":100,"ix":5},"r":1,"bm":0,"nm":"Fill 1","mn":"ADBE Vector Graphic - Fill","hd":false},{"ty":"tr","p":{"a":0,"k":[17.733,16.608],"ix":2},"a":{"a":0,"k":[0,0],"ix":1},"s":{"a":0,"k":[100,100],"ix":3},"r":{"a":0,"k":0,"ix":6},"o":{"a":0,"k":100,"ix":7},"sk":{"a":0,"k":0,"ix":4},"sa":{"a":0,"k":0,"ix":5},"nm":"Transform"}],"nm":"Group 1","np":2,"cix":2,"bm":0,"ix":1,"mn":"ADBE Vector Group","hd":false}],"ip":50,"op":75,"st":12,"bm":0},{"ddd":0,"ind":43,"ty":4,"nm":"heart Outlines","sr":1,"ks":{"o":{"a":0,"k":100,"ix":11},"r":{"a":1,"k":[{"i":{"x":[0.833],"y":[1]},"o":{"x":[0.333],"y":[0]},"t":38,"s":[43.774]},{"i":{"x":[0.833],"y":[1]},"o":{"x":[0.167],"y":[0]},"t":48,"s":[1.724]},{"t":62,"s":[27.505]}],"ix":10},"p":{"a":1,"k":[{"i":{"x":0.833,"y":1},"o":{"x":0.167,"y":0},"t":38,"s":[366.587,345.236,0],"to":[92.25,-58.333,0],"ti":[-58.75,82.333,0]},{"t":62,"s":[470.587,39.736,0]}],"ix":2},"a":{"a":0,"k":[17.677,16.589,0],"ix":1},"s":{"a":1,"k":[{"i":{"x":[0.833,0.833,0.833],"y":[1,1,1]},"o":{"x":[0.167,0.167,0.167],"y":[0,0,0]},"t":57,"s":[100,100,100]},{"t":62,"s":[0,0,100]}],"ix":6}},"ao":0,"shapes":[{"ty":"gr","it":[{"ind":0,"ty":"sh","ix":1,"ks":{"a":0,"k":{"i":[[0.351,-1.746],[0,-0.002],[2.099,-2.786],[2.867,-2.06],[1.439,-0.77],[0.358,-0.172],[0.105,0.055],[0.082,0.044],[0.506,0.313],[1.439,1.224],[0.992,1.069],[0.005,0.004],[0,0],[0,0],[0.013,0.014],[0.006,0.005],[1.145,1.945],[0.031,0.054],[0.009,3.493],[-0.825,1.544],[-1.353,0.803],[-1.62,0.001],[-1.356,-0.601],[-0.9,-1.628],[-0.016,0.021],[-0.178,0.203],[-0.436,0.347],[-1.218,0.349],[-1.621,-0.395],[-0.767,-0.445],[-0.574,-0.541],[-0.382,-1.665]],"o":[[0,0.002],[-0.693,3.447],[-2.127,2.826],[-1.325,0.952],[-0.35,0.188],[-0.103,0.051],[-0.084,-0.043],[-0.523,-0.283],[-1.602,-0.993],[-1.113,-0.946],[-0.004,-0.005],[0,0],[0,0],[-0.012,-0.013],[-0.004,-0.005],[-1.525,-1.66],[-0.031,-0.053],[-1.734,-2.985],[-0.005,-1.738],[0.747,-1.398],[1.39,-0.821],[1.48,-0.002],[1.672,0.741],[0.023,0.001],[0.155,-0.22],[0.368,-0.417],[0.991,-0.788],[1.594,-0.459],[0.853,0.206],[0.693,0.402],[1.246,1.18],[0.401,1.742]],"v":[[17.086,-3.74],[17.085,-3.734],[12.526,5.719],[4.93,13.061],[0.781,15.656],[-0.281,16.199],[-0.626,16.303],[-0.875,16.17],[-2.417,15.273],[-6.992,11.941],[-10.154,8.915],[-10.168,8.9],[-10.199,8.864],[-10.202,8.863],[-10.24,8.821],[-10.255,8.807],[-14.29,3.391],[-14.384,3.23],[-17.479,-6.65],[-16.316,-11.742],[-13.012,-15.053],[-8.471,-16.356],[-4.156,-15.485],[0.061,-11.826],[0.228,-12.074],[0.732,-12.708],[1.94,-13.855],[5.293,-15.58],[10.336,-15.766],[12.783,-14.77],[14.691,-13.343],[17.082,-9.044]],"c":true},"ix":2},"nm":"Path 1","mn":"ADBE Vector Shape - Group","hd":false},{"ty":"fl","c":{"a":0,"k":[0.929000016755,0.277999997606,0.238999998803,1],"ix":4},"o":{"a":0,"k":100,"ix":5},"r":1,"bm":0,"nm":"Fill 1","mn":"ADBE Vector Graphic - Fill","hd":false},{"ty":"tr","p":{"a":0,"k":[17.733,16.608],"ix":2},"a":{"a":0,"k":[0,0],"ix":1},"s":{"a":0,"k":[100,100],"ix":3},"r":{"a":0,"k":0,"ix":6},"o":{"a":0,"k":100,"ix":7},"sk":{"a":0,"k":0,"ix":4},"sa":{"a":0,"k":0,"ix":5},"nm":"Transform"}],"nm":"Group 1","np":2,"cix":2,"bm":0,"ix":1,"mn":"ADBE Vector Group","hd":false}],"ip":38,"op":63,"st":0,"bm":0}],"markers":[]}