{"v":"5.5.7","meta":{"g":"LottieFiles AE 0.1.20","a":"","k":"","d":"","tc":"none"},"fr":60,"ip":0,"op":359,"w":1264,"h":704,"nm":"Frame 46","ddd":0,"assets":[],"layers":[{"ddd":0,"ind":1,"ty":4,"nm":"paw-left","sr":1,"ks":{"o":{"a":0,"k":100,"ix":11},"r":{"a":0,"k":0,"ix":10},"p":{"a":0,"k":[412.19,667.91,0],"ix":2},"a":{"a":0,"k":[0,0,0],"ix":1},"s":{"a":0,"k":[100,100,100],"ix":6}},"ao":0,"shapes":[{"ty":"gr","it":[{"ind":0,"ty":"sh","ix":1,"ks":{"a":0,"k":{"i":[[5.241,-6.17],[3.28,5.995],[-4.658,-3.128],[5.017,-5.907],[0,0],[4.075,-4.798],[0,0]],"o":[[-5.241,6.17],[-3.28,-5.995],[4.658,3.128],[-5.017,5.907],[0,0],[-4.075,4.798],[0,0]],"v":[[-0.66,16.171],[-16.195,12.056],[10.13,-18.939],[14.296,-1.439],[8.562,1.476],[6.852,7.325],[1.75,9.498]],"c":true},"ix":2},"nm":"Path 1","mn":"ADBE Vector Shape - Group","hd":false},{"ty":"fl","c":{"a":0,"k":[0.4,0.403921568627451,0.6705882352941176,1],"ix":4},"o":{"a":0,"k":100,"ix":5},"r":1,"bm":0,"nm":"Fill 1","mn":"ADBE Vector Graphic - Fill","hd":false},{"ty":"tr","p":{"a":0,"k":[0,0],"ix":2},"a":{"a":0,"k":[0,0],"ix":1},"s":{"a":0,"k":[300,300],"ix":3},"r":{"a":0,"k":48.745,"ix":6},"o":{"a":0,"k":100,"ix":7},"sk":{"a":0,"k":0,"ix":4},"sa":{"a":0,"k":0,"ix":5},"nm":"Transform"}],"nm":"paw-left","np":2,"cix":2,"bm":0,"ix":1,"mn":"ADBE Vector Group","hd":false}],"ip":0,"op":609,"st":0,"bm":0},{"ddd":0,"ind":2,"ty":4,"nm":"paw-right","sr":1,"ks":{"o":{"a":0,"k":100,"ix":11},"r":{"a":0,"k":0,"ix":10},"p":{"a":0,"k":[901.811,667.973,0],"ix":2},"a":{"a":0,"k":[0,0,0],"ix":1},"s":{"a":0,"k":[100,100,100],"ix":6}},"ao":0,"shapes":[{"ty":"gr","it":[{"ind":0,"ty":"sh","ix":1,"ks":{"a":0,"k":{"i":[[5.241,-6.17],[3.28,5.995],[-4.658,-3.128],[5.017,-5.907],[0,0],[4.075,-4.798],[0,0]],"o":[[-5.241,6.17],[-3.28,-5.995],[4.658,3.128],[-5.017,5.907],[0,0],[-4.075,4.798],[0,0]],"v":[[-0.66,16.171],[-16.195,12.056],[10.13,-18.939],[14.296,-1.439],[8.562,1.476],[6.852,7.325],[1.75,9.498]],"c":true},"ix":2},"nm":"Path 1","mn":"ADBE Vector Shape - Group","hd":false},{"ty":"fl","c":{"a":0,"k":[0.4,0.403921568627451,0.6705882352941176,1],"ix":4},"o":{"a":0,"k":100,"ix":5},"r":1,"bm":0,"nm":"Fill 1","mn":"ADBE Vector Graphic - Fill","hd":false},{"ty":"tr","p":{"a":0,"k":[0,0],"ix":2},"a":{"a":0,"k":[0,0],"ix":1},"s":{"a":0,"k":[300,300],"ix":3},"r":{"a":0,"k":48.745,"ix":6},"o":{"a":0,"k":100,"ix":7},"sk":{"a":0,"k":0,"ix":4},"sa":{"a":0,"k":0,"ix":5},"nm":"Transform"}],"nm":"paw-right","np":2,"cix":2,"bm":0,"ix":1,"mn":"ADBE Vector Group","hd":false}],"ip":0,"op":609,"st":0,"bm":0},{"ddd":0,"ind":3,"ty":4,"nm":"table","sr":1,"ks":{"o":{"a":0,"k":100,"ix":11},"r":{"a":0,"k":0,"ix":10},"p":{"a":0,"k":[628.207,686.851,0],"ix":2},"a":{"a":0,"k":[0,0,0],"ix":1},"s":{"a":0,"k":[100,100,100],"ix":6}},"ao":0,"shapes":[{"ty":"gr","it":[{"ty":"rc","d":1,"s":{"a":0,"k":[442.541,11.801],"ix":2},"p":{"a":0,"k":[0,0],"ix":3},"r":{"a":0,"k":8,"ix":4},"nm":"Rectangle Path 1","mn":"ADBE Vector Shape - Rect","hd":false},{"ty":"fl","c":{"a":0,"k":[0.043137254901960784,0.043137254901960784,0.09411764705882353,1],"ix":4},"o":{"a":0,"k":100,"ix":5},"r":1,"bm":0,"nm":"Fill 1","mn":"ADBE Vector Graphic - Fill","hd":false},{"ty":"tr","p":{"a":0,"k":[0,0],"ix":2},"a":{"a":0,"k":[0,0],"ix":1},"s":{"a":0,"k":[300,300],"ix":3},"r":{"a":0,"k":0,"ix":6},"o":{"a":0,"k":100,"ix":7},"sk":{"a":0,"k":0,"ix":4},"sa":{"a":0,"k":0,"ix":5},"nm":"Transform"}],"nm":"table","np":2,"cix":2,"bm":0,"ix":1,"mn":"ADBE Vector Group","hd":false}],"ip":0,"op":609,"st":0,"bm":0},{"ddd":0,"ind":4,"ty":4,"nm":"tail","sr":1,"ks":{"o":{"a":0,"k":100,"ix":11},"r":{"a":0,"k":-1,"ix":10},"p":{"a":0,"k":[228.006,696.812,0],"ix":2},"a":{"a":0,"k":[-59,211,0],"ix":1},"s":{"a":0,"k":[100,100,100],"ix":6}},"ao":0,"shapes":[{"ty":"gr","it":[{"ind":0,"ty":"sh","ix":1,"ks":{"a":0,"k":{"i":[[32.991,-32.35],[-0.457,-15.264],[0,0],[-9.521,15.563],[-8.691,13.309],[5.322,7.548],[4.257,-4.852],[-1.595,-7.548],[2.661,-6.47]],"o":[[-22.879,28.576],[0.457,15.264],[0,0],[9.521,-15.563],[9.169,-14.041],[-5.322,-7.548],[-4.257,4.852],[1.595,7.548],[-2.661,6.47]],"v":[[-39.773,7.696],[-37.886,81.387],[-3.324,78.413],[-20.631,26.626],[43.98,-35.109],[52.468,-76.999],[22.077,-85.423],[16.224,-69.788],[16.224,-52.534]],"c":true},"ix":2},"nm":"Path 1","mn":"ADBE Vector Shape - Group","hd":false},{"ty":"fl","c":{"a":0,"k":[0.4,0.403921568627451,0.6705882352941176,1],"ix":4},"o":{"a":0,"k":100,"ix":5},"r":1,"bm":0,"nm":"Fill 1","mn":"ADBE Vector Graphic - Fill","hd":false},{"ty":"tr","p":{"a":0,"k":[4.773,6.453],"ix":2},"a":{"a":0,"k":[0,0],"ix":1},"s":{"a":0,"k":[300,300],"ix":3},"r":{"a":0,"k":-2.989,"ix":6},"o":{"a":0,"k":100,"ix":7},"sk":{"a":0,"k":0,"ix":4},"sa":{"a":0,"k":0,"ix":5},"nm":"Transform"}],"nm":"tail","np":2,"cix":2,"bm":0,"ix":1,"mn":"ADBE Vector Group","hd":false}],"ip":0,"op":609,"st":0,"bm":0},{"ddd":0,"ind":5,"ty":3,"nm":"▽ head","sr":1,"ks":{"o":{"a":0,"k":100,"ix":11},"r":{"a":1,"k":[{"i":{"x":[0.833],"y":[1]},"o":{"x":[0.167],"y":[0]},"t":0,"s":[0]},{"i":{"x":[0.122],"y":[1]},"o":{"x":[0.426],"y":[0]},"t":61,"s":[-1]},{"i":{"x":[0.688],"y":[2.084]},"o":{"x":[0.167],"y":[0]},"t":101,"s":[11]},{"i":{"x":[0.251],"y":[1]},"o":{"x":[0.407],"y":[0.019]},"t":295,"s":[11]},{"t":324,"s":[0]}],"ix":10},"p":{"a":0,"k":[685.112,483.315,0],"ix":2},"a":{"a":0,"k":[256.112,299.635,0],"ix":1},"s":{"a":0,"k":[100,100,100],"ix":6}},"ao":0,"ip":0,"op":609,"st":0,"bm":0},{"ddd":0,"ind":6,"ty":4,"nm":"Shape Layer 2","parent":5,"sr":1,"ks":{"o":{"a":0,"k":100,"ix":11},"r":{"a":0,"k":-11.316,"ix":10},"p":{"a":0,"k":[257.997,279.05,0],"ix":2},"a":{"a":0,"k":[59,111.5,0],"ix":1},"s":{"a":1,"k":[{"i":{"x":[0,0,0.667],"y":[1,1,1]},"o":{"x":[0.333,0.333,0.333],"y":[0,0,0]},"t":188,"s":[79,79,100]},{"i":{"x":[0.667,0.667,0.667],"y":[1,1,1]},"o":{"x":[0.333,0.333,0.333],"y":[0,0,0]},"t":208,"s":[142,142,100]},{"t":232,"s":[79,79,100]}],"ix":6}},"ao":0,"shapes":[{"ty":"gr","it":[{"ind":0,"ty":"sh","ix":1,"ks":{"a":0,"k":{"i":[[0,0],[2.47,-2.964],[-6.125,0.25],[1.473,1.741]],"o":[[0,0],[-1.25,1.5],[6.649,-0.271],[-2.75,-3.25]],"v":[[59.389,110.032],[48.537,120.43],[59.139,125.907],[69.088,120.813]],"c":true},"ix":2},"nm":"Path 1","mn":"ADBE Vector Shape - Group","hd":false},{"ty":"st","c":{"a":0,"k":[0,0.639215985466,1,1],"ix":3},"o":{"a":0,"k":100,"ix":4},"w":{"a":0,"k":0,"ix":5},"lc":1,"lj":1,"ml":4,"bm":0,"nm":"Stroke 1","mn":"ADBE Vector Graphic - Stroke","hd":false},{"ty":"fl","c":{"a":0,"k":[0.07450980392156863,0.07450980392156863,0.13333333333333333,1],"ix":4},"o":{"a":0,"k":100,"ix":5},"r":1,"bm":0,"nm":"Fill 1","mn":"ADBE Vector Graphic - Fill","hd":false},{"ty":"tr","p":{"a":0,"k":[0.123,0.091],"ix":2},"a":{"a":0,"k":[0,0],"ix":1},"s":{"a":0,"k":[100,100],"ix":3},"r":{"a":0,"k":0,"ix":6},"o":{"a":0,"k":100,"ix":7},"sk":{"a":0,"k":0,"ix":4},"sa":{"a":0,"k":0,"ix":5},"nm":"Transform"}],"nm":"Shape 1","np":3,"cix":2,"bm":0,"ix":1,"mn":"ADBE Vector Group","hd":false}],"ip":0,"op":600,"st":0,"bm":0},{"ddd":0,"ind":7,"ty":3,"nm":"▽ eye-right","parent":5,"sr":1,"ks":{"o":{"a":0,"k":100,"ix":11},"r":{"a":0,"k":0,"ix":10},"p":{"a":0,"k":[336.459,195.076,0],"ix":2},"a":{"a":0,"k":[44.792,47.025,0],"ix":1},"s":{"a":0,"k":[100,100,100],"ix":6}},"ao":0,"ip":0,"op":609,"st":0,"bm":0},{"ddd":0,"ind":8,"ty":4,"nm":"eye-right-inner","parent":7,"sr":1,"ks":{"o":{"a":1,"k":[{"t":122,"s":[100],"h":1},{"t":126,"s":[0],"h":1},{"t":133,"s":[100],"h":1}],"ix":11},"r":{"a":0,"k":0,"ix":10},"p":{"a":0,"k":[38.066,53.965,0],"ix":2},"a":{"a":0,"k":[0,0,0],"ix":1},"s":{"a":0,"k":[100,100,100],"ix":6}},"ao":0,"shapes":[{"ty":"gr","it":[{"ind":0,"ty":"sh","ix":1,"ks":{"a":0,"k":{"i":[[4.828,-0.641],[-0.536,-2.565],[-4.12,-0.257],[-0.322,2.565]],"o":[[-6.314,0.838],[0.536,2.565],[5.15,0.321],[0.322,-2.565]],"v":[[-0.728,-6.88],[-6.843,2.739],[-0.728,6.907],[6.997,1.135]],"c":true},"ix":2},"nm":"Path 1","mn":"ADBE Vector Shape - Group","hd":false},{"ty":"st","c":{"a":0,"k":[0.07450980392156863,0.07450980392156863,0.13333333333333333,1],"ix":3},"o":{"a":0,"k":100,"ix":4},"w":{"a":0,"k":1,"ix":5},"lc":1,"lj":1,"ml":4,"bm":0,"nm":"Stroke 1","mn":"ADBE Vector Graphic - Stroke","hd":false},{"ty":"fl","c":{"a":0,"k":[0.07450980392156863,0.07450980392156863,0.13333333333333333,1],"ix":4},"o":{"a":0,"k":100,"ix":5},"r":1,"bm":0,"nm":"Fill 1","mn":"ADBE Vector Graphic - Fill","hd":false},{"ty":"tr","p":{"a":0,"k":[0,0],"ix":2},"a":{"a":0,"k":[0,0],"ix":1},"s":{"a":0,"k":[300,300],"ix":3},"r":{"a":0,"k":-41.255,"ix":6},"o":{"a":0,"k":100,"ix":7},"sk":{"a":0,"k":0,"ix":4},"sa":{"a":0,"k":0,"ix":5},"nm":"Transform"}],"nm":"eye-right-inner","np":3,"cix":2,"bm":0,"ix":1,"mn":"ADBE Vector Group","hd":false}],"ip":0,"op":609,"st":0,"bm":0},{"ddd":0,"ind":9,"ty":4,"nm":"eye-right-outer","parent":7,"sr":1,"ks":{"o":{"a":0,"k":100,"ix":11},"r":{"a":0,"k":0,"ix":10},"p":{"a":0,"k":[40.792,49.025,0],"ix":2},"a":{"a":0,"k":[0,0,0],"ix":1},"s":{"a":1,"k":[{"i":{"x":[0.26,0.26,0.667],"y":[1,1,1]},"o":{"x":[0.333,0.333,0.333],"y":[0,0,0]},"t":67,"s":[100,100,100]},{"i":{"x":[0.26,0.26,0.667],"y":[1,1,1]},"o":{"x":[0.167,0.167,0.167],"y":[0,0,0]},"t":93,"s":[117.124,81.967,100]},{"i":{"x":[0.833,0.833,0.833],"y":[1,1,1]},"o":{"x":[0.167,0.167,0.167],"y":[0,0,0]},"t":111,"s":[117.124,81.967,100]},{"i":{"x":[0.833,0.833,0.833],"y":[1,1,1]},"o":{"x":[0.348,0.348,0.348],"y":[0,0,0]},"t":121,"s":[100,100,100]},{"i":{"x":[0.562,0.562,0.562],"y":[1,0.927,1]},"o":{"x":[0.197,0.197,0.197],"y":[0,0,0]},"t":130,"s":[100,0,100]},{"t":137,"s":[100,100,100],"h":1}],"ix":6}},"ao":0,"shapes":[{"ty":"gr","it":[{"ind":0,"ty":"sh","ix":1,"ks":{"a":0,"k":{"i":[[9.046,0.539],[0,6.47],[-11.706,-0.539],[0.532,-9.705]],"o":[[-9.046,-0.539],[0,-6.47],[11.706,0.539],[-0.532,9.705]],"v":[[-3.756,15.618],[-14.931,-0.018],[1.032,-15.653],[14.867,3.217]],"c":true},"ix":2},"nm":"Path 1","mn":"ADBE Vector Shape - Group","hd":false},{"ty":"fl","c":{"a":0,"k":[0.10196078431372549,0.6980392156862745,0.5647058823529412,1],"ix":4},"o":{"a":0,"k":100,"ix":5},"r":1,"bm":0,"nm":"Fill 1","mn":"ADBE Vector Graphic - Fill","hd":false},{"ty":"tr","p":{"a":0,"k":[0,0],"ix":2},"a":{"a":0,"k":[0,0],"ix":1},"s":{"a":0,"k":[300,300],"ix":3},"r":{"a":0,"k":48.745,"ix":6},"o":{"a":0,"k":100,"ix":7},"sk":{"a":0,"k":0,"ix":4},"sa":{"a":0,"k":0,"ix":5},"nm":"Transform"}],"nm":"eye-right-outer","np":2,"cix":2,"bm":0,"ix":1,"mn":"ADBE Vector Group","hd":false}],"ip":0,"op":609,"st":0,"bm":0},{"ddd":0,"ind":10,"ty":3,"nm":"▽ eye-left","parent":5,"sr":1,"ks":{"o":{"a":0,"k":100,"ix":11},"r":{"a":0,"k":0,"ix":10},"p":{"a":0,"k":[162.05,196.195,0],"ix":2},"a":{"a":0,"k":[45.561,49.481,0],"ix":1},"s":{"a":0,"k":[100,100,100],"ix":6}},"ao":0,"ip":0,"op":609,"st":0,"bm":0},{"ddd":0,"ind":11,"ty":4,"nm":"eye-left-inner","parent":10,"sr":1,"ks":{"o":{"a":1,"k":[{"t":122,"s":[100],"h":1},{"t":126,"s":[0],"h":1},{"t":133,"s":[100],"h":1}],"ix":11},"r":{"a":0,"k":0,"ix":10},"p":{"a":0,"k":[41.891,55.101,0],"ix":2},"a":{"a":0,"k":[0,0,0],"ix":1},"s":{"a":0,"k":[100,100,100],"ix":6}},"ao":0,"shapes":[{"ty":"gr","it":[{"ind":0,"ty":"sh","ix":1,"ks":{"a":0,"k":{"i":[[0,0],[-7.498,0],[0,0],[7.893,0.371]],"o":[[0,0],[7.498,0],[0,0],[-7.893,-0.371]],"v":[[-7.697,1.106],[0.196,-7.799],[7.694,1.106],[0.196,7.785]],"c":true},"ix":2},"nm":"Path 1","mn":"ADBE Vector Shape - Group","hd":false},{"ty":"fl","c":{"a":0,"k":[0.07450980392156863,0.07450980392156863,0.13333333333333333,1],"ix":4},"o":{"a":0,"k":100,"ix":5},"r":1,"bm":0,"nm":"Fill 1","mn":"ADBE Vector Graphic - Fill","hd":false},{"ty":"tr","p":{"a":0,"k":[0,0],"ix":2},"a":{"a":0,"k":[0,0],"ix":1},"s":{"a":0,"k":[300,300],"ix":3},"r":{"a":0,"k":48.745,"ix":6},"o":{"a":0,"k":100,"ix":7},"sk":{"a":0,"k":0,"ix":4},"sa":{"a":0,"k":0,"ix":5},"nm":"Transform"}],"nm":"eye-left-inner","np":2,"cix":2,"bm":0,"ix":1,"mn":"ADBE Vector Group","hd":false}],"ip":0,"op":609,"st":0,"bm":0},{"ddd":0,"ind":12,"ty":4,"nm":"eye-left-outer","parent":10,"sr":1,"ks":{"o":{"a":0,"k":100,"ix":11},"r":{"a":0,"k":0,"ix":10},"p":{"a":0,"k":[41.561,51.481,0],"ix":2},"a":{"a":0,"k":[0,0,0],"ix":1},"s":{"a":1,"k":[{"i":{"x":[0.43,0.43,0.667],"y":[1,1,1]},"o":{"x":[0.333,0.333,0.333],"y":[0,0,0]},"t":67,"s":[100,100,100]},{"i":{"x":[0.43,0.43,0.667],"y":[1,1,1]},"o":{"x":[0.167,0.167,0.167],"y":[-0.115,-0.115,0]},"t":94,"s":[115.681,80.246,100]},{"i":{"x":[0.833,0.833,0.833],"y":[1,1,1]},"o":{"x":[0.167,0.167,0.167],"y":[0,0,0]},"t":111,"s":[115.681,80.246,100]},{"i":{"x":[0.833,0.833,0.833],"y":[1,1,1]},"o":{"x":[0.348,0.348,0.348],"y":[0,0,0]},"t":121,"s":[100,100,100]},{"i":{"x":[0.562,0.562,0.562],"y":[1,0.927,1]},"o":{"x":[0.197,0.197,0.197],"y":[0,0,0]},"t":130,"s":[100,0,100]},{"t":137,"s":[100,100,100],"h":1}],"ix":6}},"ao":0,"shapes":[{"ty":"gr","it":[{"ind":0,"ty":"sh","ix":1,"ks":{"a":0,"k":{"i":[[0,0],[-15.963,0],[0,0],[15.963,-1.617]],"o":[[0,0],[15.963,0],[0,0],[-15.963,1.617]],"v":[[-15.143,-2.916],[-0.776,16.494],[15.187,0.858],[-0.776,-16.395]],"c":true},"ix":2},"nm":"Path 1","mn":"ADBE Vector Shape - Group","hd":false},{"ty":"fl","c":{"a":0,"k":[0.10196078431372549,0.6980392156862745,0.5647058823529412,1],"ix":4},"o":{"a":0,"k":100,"ix":5},"r":1,"bm":0,"nm":"Fill 1","mn":"ADBE Vector Graphic - Fill","hd":false},{"ty":"tr","p":{"a":0,"k":[0,0],"ix":2},"a":{"a":0,"k":[0,0],"ix":1},"s":{"a":0,"k":[300,300],"ix":3},"r":{"a":0,"k":48.745,"ix":6},"o":{"a":0,"k":100,"ix":7},"sk":{"a":0,"k":0,"ix":4},"sa":{"a":0,"k":0,"ix":5},"nm":"Transform"}],"nm":"eye-left-outer","np":2,"cix":2,"bm":0,"ix":1,"mn":"ADBE Vector Group","hd":false}],"ip":0,"op":609,"st":0,"bm":0},{"ddd":0,"ind":13,"ty":4,"nm":"nose","parent":5,"sr":1,"ks":{"o":{"a":0,"k":100,"ix":11},"r":{"a":0,"k":0,"ix":10},"p":{"a":0,"k":[255.353,261.692,0],"ix":2},"a":{"a":0,"k":[0,0,0],"ix":1},"s":{"a":0,"k":[100,100,100],"ix":6}},"ao":0,"shapes":[{"ty":"gr","it":[{"ind":0,"ty":"sh","ix":1,"ks":{"a":0,"k":{"i":[[2.669,0.537],[-2.669,0.537],[0,0]],"o":[[-2.669,-0.537],[2.669,-0.537],[-1.246,2.508]],"v":[[-1.935,4.823],[-1.935,-4.851],[3.937,-0.014]],"c":true},"ix":2},"nm":"Path 1","mn":"ADBE Vector Shape - Group","hd":false},{"ty":"st","c":{"a":0,"k":[0.07450980392156863,0.07450980392156863,0.13333333333333333,1],"ix":3},"o":{"a":0,"k":100,"ix":4},"w":{"a":0,"k":1,"ix":5},"lc":2,"lj":1,"ml":4,"bm":0,"nm":"Stroke 1","mn":"ADBE Vector Graphic - Stroke","hd":false},{"ty":"fl","c":{"a":0,"k":[0.07450980392156863,0.07450980392156863,0.13333333333333333,1],"ix":4},"o":{"a":0,"k":100,"ix":5},"r":1,"bm":0,"nm":"Fill 1","mn":"ADBE Vector Graphic - Fill","hd":false},{"ty":"tr","p":{"a":0,"k":[0,0],"ix":2},"a":{"a":0,"k":[0,0],"ix":1},"s":{"a":0,"k":[300,300],"ix":3},"r":{"a":0,"k":78.419,"ix":6},"o":{"a":0,"k":100,"ix":7},"sk":{"a":0,"k":0,"ix":4},"sa":{"a":0,"k":0,"ix":5},"nm":"Transform"}],"nm":"nose","np":3,"cix":2,"bm":0,"ix":1,"mn":"ADBE Vector Group","hd":false}],"ip":0,"op":609,"st":0,"bm":0},{"ddd":0,"ind":14,"ty":3,"nm":"▽ mouth","parent":5,"sr":1,"ks":{"o":{"a":0,"k":100,"ix":11},"r":{"a":0,"k":0,"ix":10},"p":{"a":0,"k":[261.931,282.97,0],"ix":2},"a":{"a":0,"k":[36.276,14.773,0],"ix":1},"s":{"a":0,"k":[100,100,100],"ix":6}},"ao":0,"ip":0,"op":609,"st":0,"bm":0},{"ddd":0,"ind":15,"ty":4,"nm":"mouth-left (Stroke)","parent":14,"sr":1,"ks":{"o":{"a":0,"k":100,"ix":11},"r":{"a":0,"k":0,"ix":10},"p":{"a":0,"k":[16.92,20.876,0],"ix":2},"a":{"a":0,"k":[0,0,0],"ix":1},"s":{"a":0,"k":[100,100,100],"ix":6}},"ao":0,"shapes":[{"ty":"gr","it":[{"ind":0,"ty":"sh","ix":1,"ks":{"a":0,"k":{"i":[[0.812,0.636],[0.17,-0.217],[-0.217,-0.17],[-0.92,-2.016],[0.174,-1.191],[1.293,-1.396],[-0.203,-0.188],[-0.188,0.203],[-0.208,1.423],[0.517,1.133]],"o":[[-0.217,-0.17],[-0.17,0.217],[0.789,0.618],[0.456,0.998],[-0.174,1.19],[-0.188,0.203],[0.203,0.188],[1.405,-1.518],[0.208,-1.421],[-1.025,-2.246]],"v":[[-1.815,-6.426],[-2.517,-6.341],[-2.431,-5.639],[1.043,-1.508],[1.566,1.793],[-0.496,5.693],[-0.468,6.399],[0.238,6.372],[2.556,1.937],[1.953,-1.923]],"c":true},"ix":2},"nm":"Path 1","mn":"ADBE Vector Shape - Group","hd":false},{"ty":"fl","c":{"a":0,"k":[0.07450980392156863,0.07450980392156863,0.13333333333333333,1],"ix":4},"o":{"a":0,"k":100,"ix":5},"r":1,"bm":0,"nm":"Fill 1","mn":"ADBE Vector Graphic - Fill","hd":false},{"ty":"tr","p":{"a":0,"k":[0,0],"ix":2},"a":{"a":0,"k":[0,0],"ix":1},"s":{"a":0,"k":[300,300],"ix":3},"r":{"a":0,"k":73.948,"ix":6},"o":{"a":0,"k":100,"ix":7},"sk":{"a":0,"k":0,"ix":4},"sa":{"a":0,"k":0,"ix":5},"nm":"Transform"}],"nm":"mouth-left (Stroke)","np":2,"cix":2,"bm":0,"ix":1,"mn":"ADBE Vector Group","hd":false}],"ip":0,"op":609,"st":0,"bm":0},{"ddd":0,"ind":16,"ty":4,"nm":"mouth-right (Stroke)","parent":14,"sr":1,"ks":{"o":{"a":0,"k":100,"ix":11},"r":{"a":0,"k":0,"ix":10},"p":{"a":0,"k":[49.775,13.625,0],"ix":2},"a":{"a":0,"k":[0,0,0],"ix":1},"s":{"a":0,"k":[100,100,100],"ix":6}},"ao":0,"shapes":[{"ty":"gr","it":[{"ind":0,"ty":"sh","ix":1,"ks":{"a":0,"k":{"i":[[1.289,3.077],[0.255,-0.107],[-0.107,-0.255],[1.212,-1.73],[0.713,-0.494],[0.409,-0.034],[-0.023,-0.275],[-0.275,0.023],[-0.793,0.549],[-0.68,0.971]],"o":[[-0.107,-0.255],[-0.255,0.107],[1.131,2.698],[-0.609,0.869],[-0.726,0.503],[-0.275,0.023],[0.023,0.275],[0.659,-0.055],[0.806,-0.558],[1.367,-1.95]],"v":[[2.66,-5.362],[2.005,-5.63],[1.737,-4.975],[0.989,1.811],[-1.078,3.879],[-2.86,4.67],[-3.317,5.21],[-2.777,5.667],[-0.509,4.701],[1.808,2.385]],"c":true},"ix":2},"nm":"Path 1","mn":"ADBE Vector Shape - Group","hd":false},{"ty":"fl","c":{"a":0,"k":[0.07450980392156863,0.07450980392156863,0.13333333333333333,1],"ix":4},"o":{"a":0,"k":100,"ix":5},"r":1,"bm":0,"nm":"Fill 1","mn":"ADBE Vector Graphic - Fill","hd":false},{"ty":"tr","p":{"a":0,"k":[0,0],"ix":2},"a":{"a":0,"k":[0,0],"ix":1},"s":{"a":0,"k":[300,300],"ix":3},"r":{"a":0,"k":73.948,"ix":6},"o":{"a":0,"k":100,"ix":7},"sk":{"a":0,"k":0,"ix":4},"sa":{"a":0,"k":0,"ix":5},"nm":"Transform"}],"nm":"mouth-right (Stroke)","np":2,"cix":2,"bm":0,"ix":1,"mn":"ADBE Vector Group","hd":false}],"ip":0,"op":609,"st":0,"bm":0},{"ddd":0,"ind":17,"ty":4,"nm":"head","parent":5,"sr":1,"ks":{"o":{"a":0,"k":100,"ix":11},"r":{"a":0,"k":0,"ix":10},"p":{"a":0,"k":[230.081,217.635,0],"ix":2},"a":{"a":0,"k":[0,0,0],"ix":1},"s":{"a":0,"k":[100,100,100],"ix":6}},"ao":0,"shapes":[{"ty":"gr","it":[{"ind":0,"ty":"sh","ix":1,"ks":{"a":0,"k":{"i":[[12,-8.5],[10.5,6.5],[7.767,20.831],[-5.664,7.963],[-14.74,5.383],[-13.775,1.466],[-8.551,7.5],[0.105,-4.315],[-1.393,-3.496],[2.206,-13.455]],"o":[[-12,8.5],[-10.5,-6.5],[-7.767,-20.831],[8.029,-11.288],[15.209,-5.555],[13.609,-1.448],[3.648,-3.2],[-0.194,7.956],[1.506,10.711],[-3.921,23.916]],"v":[[40.473,65.228],[-36.527,67.228],[-64.47,29.895],[-63.005,-65.317],[-28.02,-34.425],[30.487,-45.399],[56.294,-71.576],[63.276,-47.264],[64.316,-24.819],[68.37,15.76]],"c":true},"ix":2},"nm":"Path 1","mn":"ADBE Vector Shape - Group","hd":false},{"ty":"fl","c":{"a":0,"k":[0.4,0.403921568627451,0.6705882352941176,1],"ix":4},"o":{"a":0,"k":100,"ix":5},"r":1,"bm":0,"nm":"Fill 1","mn":"ADBE Vector Graphic - Fill","hd":false},{"ty":"tr","p":{"a":0,"k":[0.397,0.397],"ix":2},"a":{"a":0,"k":[0,0],"ix":1},"s":{"a":0,"k":[300,300],"ix":3},"r":{"a":0,"k":0,"ix":6},"o":{"a":0,"k":100,"ix":7},"sk":{"a":0,"k":0,"ix":4},"sa":{"a":0,"k":0,"ix":5},"nm":"Transform"}],"nm":"head","np":2,"cix":2,"bm":0,"ix":1,"mn":"ADBE Vector Group","hd":false}],"ip":0,"op":609,"st":0,"bm":0},{"ddd":0,"ind":18,"ty":4,"nm":"moustache-left (Stroke)","parent":5,"sr":1,"ks":{"o":{"a":0,"k":100,"ix":11},"r":{"a":0,"k":0,"ix":10},"p":{"a":0,"k":[95.239,258.069,0],"ix":2},"a":{"a":0,"k":[0,0,0],"ix":1},"s":{"a":0,"k":[100,100,100],"ix":6}},"ao":0,"shapes":[{"ty":"gr","it":[{"ind":0,"ty":"sh","ix":1,"ks":{"a":0,"k":{"i":[[0,0],[0.048,-0.272],[-0.272,-0.048],[0,0],[0,0],[0.022,-0.275],[-0.275,-0.022],[0,0],[0,0],[-0.004,-0.276],[-0.276,0.004],[0,0],[0,0]],"o":[[-0.272,-0.048],[-0.048,0.272],[0,0],[0,0],[-0.275,-0.022],[-0.022,0.275],[0,0],[0,0],[-0.276,0.004],[0.004,0.276],[0,0],[0,0],[0,0]],"v":[[-32.492,-6.742],[-33.072,-6.337],[-32.667,-5.758],[22.412,3.985],[-29.539,-0.248],[-30.078,0.209],[-29.62,0.748],[22.497,4.995],[-31.587,5.75],[-32.08,6.257],[-31.573,6.75],[32.999,5.849],[33.08,4.856]],"c":true},"ix":2},"nm":"Path 1","mn":"ADBE Vector Shape - Group","hd":false},{"ty":"fl","c":{"a":0,"k":[0.4,0.403921568627451,0.6705882352941176,1],"ix":4},"o":{"a":0,"k":100,"ix":5},"r":1,"bm":0,"nm":"Fill 1","mn":"ADBE Vector Graphic - Fill","hd":false},{"ty":"tr","p":{"a":0,"k":[0,0],"ix":2},"a":{"a":0,"k":[0,0],"ix":1},"s":{"a":0,"k":[300,300],"ix":3},"r":{"a":0,"k":0,"ix":6},"o":{"a":0,"k":100,"ix":7},"sk":{"a":0,"k":0,"ix":4},"sa":{"a":0,"k":0,"ix":5},"nm":"Transform"}],"nm":"moustache-left (Stroke)","np":2,"cix":2,"bm":0,"ix":1,"mn":"ADBE Vector Group","hd":false}],"ip":0,"op":609,"st":0,"bm":0},{"ddd":0,"ind":19,"ty":4,"nm":"moustache-right (Stroke)","parent":5,"sr":1,"ks":{"o":{"a":0,"k":100,"ix":11},"r":{"a":0,"k":0,"ix":10},"p":{"a":0,"k":[402.984,261.135,0],"ix":2},"a":{"a":0,"k":[0,0,0],"ix":1},"s":{"a":0,"k":[100,100,100],"ix":6}},"ao":0,"shapes":[{"ty":"gr","it":[{"ind":0,"ty":"sh","ix":1,"ks":{"a":0,"k":{"i":[[0,0],[0.252,0.113],[0.113,-0.252],[0,0],[0,0],[0,0],[0.2,0.19],[0.19,-0.2],[0,0],[0,0],[0.229,0.155],[0.155,-0.229],[0,0]],"o":[[0.113,-0.252],[-0.252,-0.113],[0,0],[0,0],[0,0],[0.19,-0.2],[-0.2,-0.19],[0,0],[0,0],[0.155,-0.229],[-0.229,-0.155],[0,0],[0,0]],"v":[[4.613,-23.44],[4.361,-24.101],[3.7,-23.85],[-17.584,23.597],[-16.764,24.145],[17.447,-11.963],[17.428,-12.669],[16.721,-12.65],[-13.32,19.056],[10.377,-16.04],[10.243,-16.735],[9.548,-16.6],[-14.3,18.721]],"c":true},"ix":2},"nm":"Path 1","mn":"ADBE Vector Shape - Group","hd":false},{"ty":"fl","c":{"a":0,"k":[0.4,0.403921568627451,0.6705882352941176,1],"ix":4},"o":{"a":0,"k":100,"ix":5},"r":1,"bm":0,"nm":"Fill 1","mn":"ADBE Vector Graphic - Fill","hd":false},{"ty":"tr","p":{"a":0,"k":[0,0],"ix":2},"a":{"a":0,"k":[0,0],"ix":1},"s":{"a":0,"k":[300,300],"ix":3},"r":{"a":0,"k":48.745,"ix":6},"o":{"a":0,"k":100,"ix":7},"sk":{"a":0,"k":0,"ix":4},"sa":{"a":0,"k":0,"ix":5},"nm":"Transform"}],"nm":"moustache-right (Stroke)","np":2,"cix":2,"bm":0,"ix":1,"mn":"ADBE Vector Group","hd":false}],"ip":0,"op":609,"st":0,"bm":0},{"ddd":0,"ind":20,"ty":4,"nm":"body","sr":1,"ks":{"o":{"a":0,"k":100,"ix":11},"r":{"a":0,"k":0,"ix":10},"p":{"a":0,"k":[641.858,495.019,0],"ix":2},"a":{"a":0,"k":[0,0,0],"ix":1},"s":{"a":0,"k":[100,100,100],"ix":6}},"ao":0,"shapes":[{"ty":"gr","it":[{"ind":0,"ty":"sh","ix":1,"ks":{"a":0,"k":{"i":[[0,0],[-5.892,8.001],[4,15.5],[-14.049,10.927],[-20.5,0],[-8.8,-8],[1.765,-15],[-3,-10.614],[0,0]],"o":[[0,0],[5.892,-8.001],[-2.152,-8.339],[13.5,-10.5],[20.5,0],[8.8,8],[-1.765,15],[3,10.614],[0,0]],"v":[[-71.308,62.173],[-56.953,28.327],[-56.453,-3.673],[-45.453,-44.673],[14.547,-62.173],[56.547,-44.673],[71.047,-10.173],[63.547,24.327],[69.35,62.173]],"c":true},"ix":2},"nm":"Path 1","mn":"ADBE Vector Shape - Group","hd":false},{"ty":"fl","c":{"a":0,"k":[0.4,0.403921568627451,0.6705882352941176,1],"ix":4},"o":{"a":0,"k":100,"ix":5},"r":1,"bm":0,"nm":"Fill 1","mn":"ADBE Vector Graphic - Fill","hd":false},{"ty":"tr","p":{"a":0,"k":[0,0],"ix":2},"a":{"a":0,"k":[0,0],"ix":1},"s":{"a":0,"k":[300,300],"ix":3},"r":{"a":0,"k":0,"ix":6},"o":{"a":0,"k":100,"ix":7},"sk":{"a":0,"k":0,"ix":4},"sa":{"a":0,"k":0,"ix":5},"nm":"Transform"}],"nm":"body","np":2,"cix":2,"bm":0,"ix":1,"mn":"ADBE Vector Group","hd":false}],"ip":0,"op":609,"st":0,"bm":0}],"markers":[]}